"Package","Version","citation"
"abind","1.4-8","To cite package ‘abind’ in publications use:    Plate T, Heiberger R (2024). _abind: Combine Multidimensional Arrays_. R package version   1.4-8, <https://CRAN.R-project.org/package=abind>.  A BibTeX entry for LaTeX users is    @Manual{,     title = {abind: Combine Multidimensional Arrays},     author = {Tony Plate and Richard Heiberger},     year = {2024},     note = {R package version 1.4-8},     url = {https://CRAN.R-project.org/package=abind},   }"
"ade4","1.7-23","To cite ade4 in publications use:    Dray S, Dufour A (2007). “The ade4 Package: Implementing the Duality Diagram for   Ecologists.” _Journal of Statistical Software_, *22*(4), 1-20. doi:10.18637/jss.v022.i04   <https://doi.org/10.18637/jss.v022.i04>.  Bougeard S, Dray S (2018). “Supervised Multiblock Analysis in R with the ade4 Package.” _Journal of Statistical Software_, *86*(1), 1-17. doi:10.18637/jss.v086.i01 <https://doi.org/10.18637/jss.v086.i01>.  Chessel D, Dufour A, Thioulouse J (2004). “The ade4 Package - I: One-Table Methods.” _R News_, *4*(1), 5-10. <https://cran.r-project.org/doc/Rnews/>.  Dray S, Dufour A, Chessel D (2007). “The ade4 Package - II: Two-Table and K-Table Methods.” _R News_, *7*(2), 47-52. <https://cran.r-project.org/doc/Rnews/>.  Thioulouse J, Dray S, Dufour A, Siberchicot A, Jombart T, Pavoine S (2018). _Multivariate Analysis of Ecological Data with ade4_. Springer. doi:10.1007/978-1-4939-8850-1 <https://doi.org/10.1007/978-1-4939-8850-1>.  To see these entries in BibTeX format, use 'print(<citation>, bibtex=TRUE)', 'toBibtex(.)', or set 'options(citation.bibtex.max=999)'."
"ape","5.8-1","To cite ape in a publication please use:    Paradis E, Schliep K (2019). “ape 5.0: an environment for modern phylogenetics and   evolutionary analyses in R.” _Bioinformatics_, *35*, 526-528.   doi:10.1093/bioinformatics/bty633 <https://doi.org/10.1093/bioinformatics/bty633>.  A BibTeX entry for LaTeX users is    @Article{,     title = {ape 5.0: an environment for modern phylogenetics and evolutionary analyses in {R}},     author = {Emmanuel Paradis and Klaus Schliep},     journal = {Bioinformatics},     year = {2019},     volume = {35},     pages = {526-528},     doi = {10.1093/bioinformatics/bty633},   }  ape is evolving quickly, so you may want to cite its version number (found with 'library(help = ape)' or 'packageVersion(""ape"")')."
"askpass","1.2.1","To cite package ‘askpass’ in publications use:    Ooms J (2024). _askpass: Password Entry Utilities for R, Git, and SSH_. R package version   1.2.1, <https://r-lib.r-universe.dev/askpass>.  A BibTeX entry for LaTeX users is    @Manual{,     title = {askpass: Password Entry Utilities for R, Git, and SSH},     author = {Jeroen Ooms},     year = {2024},     note = {R package version 1.2.1},     url = {https://r-lib.r-universe.dev/askpass},   }"
"backports","1.5.0","To cite package ‘backports’ in publications use:    Lang M, Murdoch D, R Core Team (2024). _backports: Reimplementations of Functions Introduced   Since R-3.0.0_. R package version 1.5.0, <https://github.com/r-lib/backports>.  A BibTeX entry for LaTeX users is    @Manual{,     title = {backports: Reimplementations of Functions Introduced Since R-3.0.0},     author = {Michel Lang and Duncan Murdoch and {R Core Team}},     year = {2024},     note = {R package version 1.5.0},     url = {https://github.com/r-lib/backports},   }"
"base64enc","0.1-3","To cite package ‘base64enc’ in publications use:    Urbanek S (2015). _base64enc: Tools for base64 encoding_. R package version 0.1-3,   <http://www.rforge.net/base64enc>.  A BibTeX entry for LaTeX users is    @Manual{,     title = {base64enc: Tools for base64 encoding},     author = {Simon Urbanek},     year = {2015},     note = {R package version 0.1-3},     url = {http://www.rforge.net/base64enc},   }  ATTENTION: This citation information has been auto-generated from the package DESCRIPTION file and may need manual editing, see ‘help(""citation"")’."
"bayesm","3.1-7","To cite package ‘bayesm’ in publications use:    Rossi P (2025). _bayesm: Bayesian Inference for Marketing/Micro-Econometrics_. R package   version 3.1-7, <https://CRAN.R-project.org/package=bayesm>.  A BibTeX entry for LaTeX users is    @Manual{,     title = {bayesm: Bayesian Inference for Marketing/Micro-Econometrics},     author = {Peter Rossi},     year = {2025},     note = {R package version 3.1-7},     url = {https://CRAN.R-project.org/package=bayesm},   }"
"beeswarm","0.4.0","To cite package ‘beeswarm’ in publications use:    Eklund A, Trimble J (2021). _beeswarm: The Bee Swarm Plot, an Alternative to Stripchart_. R   package version 0.4.0, <https://CRAN.R-project.org/package=beeswarm>.  A BibTeX entry for LaTeX users is    @Manual{,     title = {beeswarm: The Bee Swarm Plot, an Alternative to Stripchart},     author = {Aron Eklund and James Trimble},     year = {2021},     note = {R package version 0.4.0},     url = {https://CRAN.R-project.org/package=beeswarm},   }"
"BH","1.87.0-1","To cite package ‘BH’ in publications use:    Eddelbuettel D, Emerson J, Kane M (2024). _BH: Boost C++ Header Files_. R package version   1.87.0-1, <https://CRAN.R-project.org/package=BH>.  A BibTeX entry for LaTeX users is    @Manual{,     title = {BH: Boost C++ Header Files},     author = {Dirk Eddelbuettel and John W. Emerson and Michael J. Kane},     year = {2024},     note = {R package version 1.87.0-1},     url = {https://CRAN.R-project.org/package=BH},   }"
"bigD","0.3.1","To cite package ‘bigD’ in publications use:    Iannone R (2025). _bigD: Flexibly Format Dates and Times to a Given Locale_. R package   version 0.3.1, <https://CRAN.R-project.org/package=bigD>.  A BibTeX entry for LaTeX users is    @Manual{,     title = {bigD: Flexibly Format Dates and Times to a Given Locale},     author = {Richard Iannone},     year = {2025},     note = {R package version 0.3.1},     url = {https://CRAN.R-project.org/package=bigD},   }"
"Biobase","2.62.0","To cite package ‘Biobase’ in publications use:    Orchestrating high-throughput genomic analysis with Bioconductor. W. Huber, V.J. Carey, R.   Gentleman, ..., M. Morgan Nature Methods, 2015:12, 115.  A BibTeX entry for LaTeX users is    @Article{,     author = {W. Huber and V. J. Carey and R. Gentleman and S. Anders and M. Carlson and B. S. Carvalho and H. C. Bravo and S. Davis and L. Gatto and T. Girke and R. Gottardo and F. Hahne and K. D. Hansen and R. A. Irizarry and M. Lawrence and M. I. Love and J. MacDonald and V. Obenchain and A. K. {Ole's} and H. {Pag`es} and A. Reyes and P. Shannon and G. K. Smyth and D. Tenenbaum and L. Waldron and M. Morgan},     title = {{O}rchestrating high-throughput genomic analysis with {B}ioconductor},     journal = {Nature Methods},     year = {2015},     volume = {12},     number = {2},     pages = {115--121},     url = {http://www.nature.com/nmeth/journal/v12/n2/full/nmeth.3252.html},   }"
"BiocGenerics","0.48.1","To cite package ‘BiocGenerics’ in publications use:    Orchestrating high-throughput genomic analysis with Bioconductor. W. Huber, V.J. Carey, R.   Gentleman, ..., M. Morgan Nature Methods, 2015:12, 115.  A BibTeX entry for LaTeX users is    @Article{,     author = {{Huber} and {W.} and {Carey} and V. J. and {Gentleman} and {R.} and {Anders} and {S.} and {Carlson} and {M.} and {Carvalho} and B. S. and {Bravo} and H. C. and {Davis} and {S.} and {Gatto} and {L.} and {Girke} and {T.} and {Gottardo} and {R.} and {Hahne} and {F.} and {Hansen} and K. D. and {Irizarry} and R. A. and {Lawrence} and {M.} and {Love} and M. I. and {MacDonald} and {J.} and {Obenchain} and {V.} and {{Ole's}} and A. K. and {{Pag`es}} and {H.} and {Reyes} and {A.} and {Shannon} and {P.} and {Smyth} and G. K. and {Tenenbaum} and {D.} and {Waldron} and {L.} and {Morgan} and {M.}},     title = {{O}rchestrating high-throughput genomic analysis with {B}ioconductor},     journal = {Nature Methods},     year = {2015},     volume = {12},     number = {2},     pages = {115--121},     url = {http://www.nature.com/nmeth/journal/v12/n2/full/nmeth.3252.html},   }"
"BiocManager","1.30.26","To cite package ‘BiocManager’ in publications use:    Morgan M, Ramos M (2025). _BiocManager: Access the Bioconductor Project Package Repository_.   R package version 1.30.26, <https://bioconductor.github.io/BiocManager/>.  A BibTeX entry for LaTeX users is    @Manual{,     title = {BiocManager: Access the Bioconductor Project Package Repository},     author = {Martin Morgan and Marcel Ramos},     year = {2025},     note = {R package version 1.30.26},     url = {https://bioconductor.github.io/BiocManager/},   }"
"BiocParallel","1.36.0","To cite package ‘BiocParallel’ in publications use:    Morgan M, Wang J, Obenchain V, Lang M, Thompson R, Turaga N (2023). _BiocParallel:   Bioconductor facilities for parallel evaluation_. doi:10.18129/B9.bioc.BiocParallel   <https://doi.org/10.18129/B9.bioc.BiocParallel>, R package version 1.36.0,   <https://bioconductor.org/packages/BiocParallel>.  A BibTeX entry for LaTeX users is    @Manual{,     title = {BiocParallel: Bioconductor facilities for parallel evaluation},     author = {Martin Morgan and Jiefei Wang and Valerie Obenchain and Michel Lang and Ryan Thompson and Nitesh Turaga},     year = {2023},     note = {R package version 1.36.0},     url = {https://bioconductor.org/packages/BiocParallel},     doi = {10.18129/B9.bioc.BiocParallel},   }"
"BiocVersion","3.18.1","To cite package ‘BiocVersion’ in publications use:    Morgan M (2023). _BiocVersion: Set the appropriate version of Bioconductor packages_.   doi:10.18129/B9.bioc.BiocVersion <https://doi.org/10.18129/B9.bioc.BiocVersion>, R package   version 3.18.1, <https://bioconductor.org/packages/BiocVersion>.  A BibTeX entry for LaTeX users is    @Manual{,     title = {BiocVersion: Set the appropriate version of Bioconductor packages},     author = {Martin Morgan},     year = {2023},     note = {R package version 3.18.1},     url = {https://bioconductor.org/packages/BiocVersion},     doi = {10.18129/B9.bioc.BiocVersion},   }"
"biomformat","1.30.0","To cite package ‘biomformat’ in publications use:    McMurdie PJ, Paulson JN (2023). _biomformat: An interface package for the BIOM file format_.   doi:10.18129/B9.bioc.biomformat <https://doi.org/10.18129/B9.bioc.biomformat>, R package   version 1.30.0, <https://bioconductor.org/packages/biomformat>.  A BibTeX entry for LaTeX users is    @Manual{,     title = {biomformat: An interface package for the BIOM file format},     author = {Paul J. McMurdie and Joseph N Paulson},     year = {2023},     note = {R package version 1.30.0},     url = {https://bioconductor.org/packages/biomformat},     doi = {10.18129/B9.bioc.biomformat},   }  ATTENTION: This citation information has been auto-generated from the package DESCRIPTION file and may need manual editing, see ‘help(""citation"")’."
"Biostrings","2.70.3","To cite package ‘Biostrings’ in publications use:    Pagès H, Aboyoun P, Gentleman R, DebRoy S (2024). _Biostrings: Efficient manipulation of   biological strings_. R package version 2.70.3,   <https://bioconductor.org/packages/Biostrings>.  A BibTeX entry for LaTeX users is    @Manual{,     title = {Biostrings: Efficient manipulation of biological strings},     author = {Hervé Pagès and Patrick Aboyoun and Robert Gentleman and Saikat DebRoy},     year = {2024},     note = {R package version 2.70.3},     url = {https://bioconductor.org/packages/Biostrings},   }"
"bit","4.6.0","To cite package ‘bit’ in publications use:    Chirico M, Oehlschlägel J (2025). _bit: Classes and Methods for Fast Memory-Efficient   Boolean Selections_. R package version 4.6.0, <https://github.com/r-lib/bit>.  A BibTeX entry for LaTeX users is    @Manual{,     title = {bit: Classes and Methods for Fast Memory-Efficient Boolean Selections},     author = {Michael Chirico and Jens Oehlschlägel},     year = {2025},     note = {R package version 4.6.0},     url = {https://github.com/r-lib/bit},   }"
"bit64","4.6.0-1","To cite package ‘bit64’ in publications use:    Chirico M, Oehlschlägel J (2025). _bit64: A S3 Class for Vectors of 64bit Integers_. R   package version 4.6.0-1, <https://github.com/r-lib/bit64>.  A BibTeX entry for LaTeX users is    @Manual{,     title = {bit64: A S3 Class for Vectors of 64bit Integers},     author = {Michael Chirico and Jens Oehlschlägel},     year = {2025},     note = {R package version 4.6.0-1},     url = {https://github.com/r-lib/bit64},   }"
"bitops","1.0-9","To cite package ‘bitops’ in publications use:    Dutky S, Maechler M (2024). _bitops: Bitwise Operations_. R package version 1.0-9,   <https://CRAN.R-project.org/package=bitops>.  A BibTeX entry for LaTeX users is    @Manual{,     title = {bitops: Bitwise Operations},     author = {Steve Dutky and Martin Maechler},     year = {2024},     note = {R package version 1.0-9},     url = {https://CRAN.R-project.org/package=bitops},   }"
"blob","1.2.4","To cite package ‘blob’ in publications use:    Wickham H (2023). _blob: A Simple S3 Class for Representing Vectors of Binary Data   ('BLOBS')_. R package version 1.2.4, https://github.com/tidyverse/blob,   <https://blob.tidyverse.org>.  A BibTeX entry for LaTeX users is    @Manual{,     title = {blob: A Simple S3 Class for Representing Vectors of Binary Data ('BLOBS')},     author = {Hadley Wickham},     year = {2023},     note = {R package version 1.2.4, https://github.com/tidyverse/blob},     url = {https://blob.tidyverse.org},   }"
"broom","1.0.8","To cite package ‘broom’ in publications use:    Robinson D, Hayes A, Couch S (2025). _broom: Convert Statistical Objects into Tidy Tibbles_.   R package version 1.0.8, https://github.com/tidymodels/broom,   <https://broom.tidymodels.org/>.  A BibTeX entry for LaTeX users is    @Manual{,     title = {broom: Convert Statistical Objects into Tidy Tibbles},     author = {David Robinson and Alex Hayes and Simon Couch},     year = {2025},     note = {R package version 1.0.8, https://github.com/tidymodels/broom},     url = {https://broom.tidymodels.org/},   }"
"bslib","0.9.0","To cite package ‘bslib’ in publications use:    Sievert C, Cheng J, Aden-Buie G (2025). _bslib: Custom 'Bootstrap' 'Sass' Themes for 'shiny'   and 'rmarkdown'_. R package version 0.9.0, https://github.com/rstudio/bslib,   <https://rstudio.github.io/bslib/>.  A BibTeX entry for LaTeX users is    @Manual{,     title = {bslib: Custom 'Bootstrap' 'Sass' Themes for 'shiny' and 'rmarkdown'},     author = {Carson Sievert and Joe Cheng and Garrick Aden-Buie},     year = {2025},     note = {R package version 0.9.0, https://github.com/rstudio/bslib},     url = {https://rstudio.github.io/bslib/},   }"
"cachem","1.1.0","To cite package ‘cachem’ in publications use:    Chang W (2024). _cachem: Cache R Objects with Automatic Pruning_. R package version 1.1.0,   https://github.com/r-lib/cachem, <https://cachem.r-lib.org/>.  A BibTeX entry for LaTeX users is    @Manual{,     title = {cachem: Cache R Objects with Automatic Pruning},     author = {Winston Chang},     year = {2024},     note = {R package version 1.1.0, https://github.com/r-lib/cachem},     url = {https://cachem.r-lib.org/},   }"
"callr","3.7.6","To cite package ‘callr’ in publications use:    Csárdi G, Chang W (2024). _callr: Call R from R_. R package version 3.7.6,   https://github.com/r-lib/callr, <https://callr.r-lib.org>.  A BibTeX entry for LaTeX users is    @Manual{,     title = {callr: Call R from R},     author = {Gábor Csárdi and Winston Chang},     year = {2024},     note = {R package version 3.7.6, https://github.com/r-lib/callr},     url = {https://callr.r-lib.org},   }"
"car","3.1-3","To cite the car package in publications use:    Fox J, Weisberg S (2019). _An R Companion to Applied Regression_, Third edition. Sage,   Thousand Oaks CA. <https://www.john-fox.ca/Companion/>.  A BibTeX entry for LaTeX users is    @Book{,     title = {An {R} Companion to Applied Regression},     edition = {Third},     author = {John Fox and Sanford Weisberg},     year = {2019},     publisher = {Sage},     address = {Thousand Oaks {CA}},     url = {https://www.john-fox.ca/Companion/},   }"
"carData","3.0-5","To cite package ‘carData’ in publications use:    Fox J, Weisberg S, Price B (2022). _carData: Companion to Applied Regression Data Sets_. R   package version 3.0-5, <https://CRAN.R-project.org/package=carData>.  A BibTeX entry for LaTeX users is    @Manual{,     title = {carData: Companion to Applied Regression Data Sets},     author = {John Fox and Sanford Weisberg and Brad Price},     year = {2022},     note = {R package version 3.0-5},     url = {https://CRAN.R-project.org/package=carData},   }"
"cellranger","1.1.0","To cite package ‘cellranger’ in publications use:    Bryan J (2016). _cellranger: Translate Spreadsheet Cell Ranges to Rows and Columns_. R   package version 1.1.0, <https://github.com/rsheets/cellranger>.  A BibTeX entry for LaTeX users is    @Manual{,     title = {cellranger: Translate Spreadsheet Cell Ranges to Rows and Columns},     author = {Jennifer Bryan},     year = {2016},     note = {R package version 1.1.0},     url = {https://github.com/rsheets/cellranger},   }"
"checkmate","2.3.2","To cite package ‘checkmate’ in publications use:    Lang M (2017). “checkmate: Fast Argument Checks for Defensive R Programming.” _The R   Journal_, *9*(1), 437-445. doi:10.32614/RJ-2017-028 <https://doi.org/10.32614/RJ-2017-028>.  A BibTeX entry for LaTeX users is    @Article{checkmate,     title = {{checkmate}: Fast Argument Checks for Defensive {R} Programming},     author = {Michel Lang},     journal = {The R Journal},     year = {2017},     doi = {10.32614/RJ-2017-028},     pages = {437--445},     volume = {9},     number = {1},   }"
"circlize","0.4.17","To cite package ‘circlize’ in publications use:    Gu, Z. (2014) circlize implements and enhances circular visualization in R. Bioinformatics.  A BibTeX entry for LaTeX users is    @Article{,     author = {Zuguang Gu and Lei Gu and Roland Eils and Matthias Schlesner and Benedikt Brors},     title = {circlize implements and enhances circular visualization in R},     journal = {Bioinformatics},     year = {2014},     doi = {10.1093/bioinformatics/btu393},     url = {https://doi.org/10.1093/bioinformatics/btu393},   }"
"cli","3.6.5","To cite package ‘cli’ in publications use:    Csárdi G (2025). _cli: Helpers for Developing Command Line Interfaces_. R package version   3.6.5, https://github.com/r-lib/cli, <https://cli.r-lib.org>.  A BibTeX entry for LaTeX users is    @Manual{,     title = {cli: Helpers for Developing Command Line Interfaces},     author = {Gábor Csárdi},     year = {2025},     note = {R package version 3.6.5, https://github.com/r-lib/cli},     url = {https://cli.r-lib.org},   }"
"clipr","0.8.0","To cite package ‘clipr’ in publications use:    Lincoln M (2022). _clipr: Read and Write from the System Clipboard_. R package version   0.8.0, http://matthewlincoln.net/clipr/, <https://github.com/mdlincoln/clipr>.  A BibTeX entry for LaTeX users is    @Manual{,     title = {clipr: Read and Write from the System Clipboard},     author = {Matthew Lincoln},     year = {2022},     note = {R package version 0.8.0,  http://matthewlincoln.net/clipr/},     url = {https://github.com/mdlincoln/clipr},   }"
"clue","0.3-67","To cite package ‘clue’ in publications use:    Hornik K (2026). _clue: Cluster Ensembles_. R package version 0.3-67,   <https://CRAN.R-project.org/package=clue>.    Hornik K (2005). “A CLUE for CLUster Ensembles.” _Journal of Statistical Software_,   *14*(12). doi:10.18637/jss.v014.i12 <https://doi.org/10.18637/jss.v014.i12>.  To see these entries in BibTeX format, use 'print(<citation>, bibtex=TRUE)', 'toBibtex(.)', or set 'options(citation.bibtex.max=999)'."
"colorspace","2.1-1","To cite colorspace in publications use:    Zeileis A, Fisher JC, Hornik K, Ihaka R, McWhite CD, Murrell P, Stauffer R, Wilke CO (2020).   “colorspace: A Toolbox for Manipulating and Assessing Colors and Palettes.” _Journal of   Statistical Software_, *96*(1), 1-49. doi:10.18637/jss.v096.i01   <https://doi.org/10.18637/jss.v096.i01>.  If you use HCL-based color palettes, please cite:    Zeileis A, Hornik K, Murrell P (2009). “Escaping RGBland: Selecting Colors for Statistical   Graphics.” _Computational Statistics & Data Analysis_, *53*(9), 3259-3270.   doi:10.1016/j.csda.2008.11.033 <https://doi.org/10.1016/j.csda.2008.11.033>.  If you use HCL-based color palettes in meteorological visualizations, please cite:    Stauffer R, Mayr GJ, Dabernig M, Zeileis A (2009). “Somewhere over the Rainbow: How to Make   Effective Use of Colors in Meteorological Visualizations.” _Bulletin of the American   Meteorological Society_, *96*(2), 203-216. doi:10.1175/BAMS-D-13-00155.1   <https://doi.org/10.1175/BAMS-D-13-00155.1>.  To see these entries in BibTeX format, use 'print(<citation>, bibtex=TRUE)', 'toBibtex(.)', or set 'options(citation.bibtex.max=999)'."
"commonmark","2.0.0","To cite package ‘commonmark’ in publications use:    Ooms J (2025). _commonmark: High Performance CommonMark and Github Markdown Rendering in R_.   R package version 2.0.0, <https://CRAN.R-project.org/package=commonmark>.  A BibTeX entry for LaTeX users is    @Manual{,     title = {commonmark: High Performance CommonMark and Github Markdown Rendering in R},     author = {Jeroen Ooms},     year = {2025},     note = {R package version 2.0.0},     url = {https://CRAN.R-project.org/package=commonmark},   }"
"ComplexHeatmap","2.18.0","The methods within the code package can be cited as:    Gu, Z. (2016) Complex heatmaps reveal patterns and correlations in multidimensional genomic   data. Bioinformatics.    Gu, Z. (2022) Complex Heatmap Visualization. iMeta.  This free open-source software implements academic research by the authors and co-workers. If you use it, please support the project by citing the appropriate journal articles.  To see these entries in BibTeX format, use 'print(<citation>, bibtex=TRUE)', 'toBibtex(.)', or set 'options(citation.bibtex.max=999)'."
"compositions","2.0-9","To cite package ‘compositions’ in publications use:    van den Boogaart KG, Tolosana-Delgado R, Bren M (2025). _compositions: Compositional Data   Analysis_. R package version 2.0-9, <https://CRAN.R-project.org/package=compositions>.  A BibTeX entry for LaTeX users is    @Manual{,     title = {compositions: Compositional Data Analysis},     author = {K. Gerald {van den Boogaart} and Raimon Tolosana-Delgado and Matevz Bren},     year = {2025},     note = {R package version 2.0-9},     url = {https://CRAN.R-project.org/package=compositions},   }"
"conflicted","1.2.0","To cite package ‘conflicted’ in publications use:    Wickham H (2023). _conflicted: An Alternative Conflict Resolution Strategy_. R package   version 1.2.0, https://github.com/r-lib/conflicted, <https://conflicted.r-lib.org/>.  A BibTeX entry for LaTeX users is    @Manual{,     title = {conflicted: An Alternative Conflict Resolution Strategy},     author = {Hadley Wickham},     year = {2023},     note = {R package version 1.2.0, https://github.com/r-lib/conflicted},     url = {https://conflicted.r-lib.org/},   }"
"corpcor","1.6.10","To cite package ‘corpcor’ in publications use:    Schafer J, Opgen-Rhein R, Zuber V, Ahdesmaki M, Silva APD, Strimmer. K (2021). _corpcor:   Efficient Estimation of Covariance and (Partial) Correlation_. R package version 1.6.10,   <https://CRAN.R-project.org/package=corpcor>.  A BibTeX entry for LaTeX users is    @Manual{,     title = {corpcor: Efficient Estimation of Covariance and (Partial) Correlation},     author = {Juliane Schafer and Rainer Opgen-Rhein and Verena Zuber and Miika Ahdesmaki and A. Pedro Duarte Silva and Korbinian Strimmer.},     year = {2021},     note = {R package version 1.6.10},     url = {https://CRAN.R-project.org/package=corpcor},   }  ATTENTION: This citation information has been auto-generated from the package DESCRIPTION file and may need manual editing, see ‘help(""citation"")’."
"corrplot","0.95","To cite corrplot in publications use:    Taiyun Wei and Viliam Simko (2024). R package 'corrplot': Visualization of a Correlation   Matrix (Version 0.95). Available from https://github.com/taiyun/corrplot  A BibTeX entry for LaTeX users is    @Manual{corrplot2024,     title = {R package 'corrplot': Visualization of a Correlation Matrix},     author = {Taiyun Wei and Viliam Simko},     year = {2024},     note = {(Version 0.95)},     url = {https://github.com/taiyun/corrplot},   }"
"cowplot","1.2.0","To cite package ‘cowplot’ in publications use:    Wilke C (2025). _cowplot: Streamlined Plot Theme and Plot Annotations for 'ggplot2'_. R   package version 1.2.0, <https://CRAN.R-project.org/package=cowplot>.  A BibTeX entry for LaTeX users is    @Manual{,     title = {cowplot: Streamlined Plot Theme and Plot Annotations for 'ggplot2'},     author = {Claus O. Wilke},     year = {2025},     note = {R package version 1.2.0},     url = {https://CRAN.R-project.org/package=cowplot},   }"
"cpp11","0.5.2","To cite package ‘cpp11’ in publications use:    Vaughan D, Hester J, François R (2025). _cpp11: A C++11 Interface for R's C Interface_. R   package version 0.5.2, <https://CRAN.R-project.org/package=cpp11>.  A BibTeX entry for LaTeX users is    @Manual{,     title = {cpp11: A C++11 Interface for R's C Interface},     author = {Davis Vaughan and Jim Hester and Romain François},     year = {2025},     note = {R package version 0.5.2},     url = {https://CRAN.R-project.org/package=cpp11},   }"
"crayon","1.5.3","To cite package ‘crayon’ in publications use:    Csárdi G (2024). _crayon: Colored Terminal Output_. R package version 1.5.3,   <https://CRAN.R-project.org/package=crayon>.  A BibTeX entry for LaTeX users is    @Manual{,     title = {crayon: Colored Terminal Output},     author = {Gábor Csárdi},     year = {2024},     note = {R package version 1.5.3},     url = {https://CRAN.R-project.org/package=crayon},   }"
"curl","6.4.0","To cite package ‘curl’ in publications use:    Ooms J (2025). _curl: A Modern and Flexible Web Client for R_. R package version 6.4.0,   <https://jeroen.r-universe.dev/curl>.  A BibTeX entry for LaTeX users is    @Manual{,     title = {curl: A Modern and Flexible Web Client for R},     author = {Jeroen Ooms},     year = {2025},     note = {R package version 6.4.0},     url = {https://jeroen.r-universe.dev/curl},   }"
"data.table","1.17.8","To cite package ‘data.table’ in publications use:    Barrett T, Dowle M, Srinivasan A, Gorecki J, Chirico M, Hocking T, Schwendinger B, Krylov I   (2025). _data.table: Extension of `data.frame`_. R package version 1.17.8,   <https://CRAN.R-project.org/package=data.table>.  A BibTeX entry for LaTeX users is    @Manual{,     title = {data.table: Extension of `data.frame`},     author = {Tyson Barrett and Matt Dowle and Arun Srinivasan and Jan Gorecki and Michael Chirico and Toby Hocking and Benjamin Schwendinger and Ivan Krylov},     year = {2025},     note = {R package version 1.17.8},     url = {https://CRAN.R-project.org/package=data.table},   }"
"DBI","1.2.3","To cite package ‘DBI’ in publications use:    R Special Interest Group on Databases (R-SIG-DB), Wickham H, Müller K (2024). _DBI: R   Database Interface_. R package version 1.2.3, https://github.com/r-dbi/DBI,   <https://dbi.r-dbi.org>.  A BibTeX entry for LaTeX users is    @Manual{,     title = {DBI: R Database Interface},     author = {{R Special Interest Group on Databases (R-SIG-DB)} and Hadley Wickham and Kirill Müller},     year = {2024},     note = {R package version 1.2.3, https://github.com/r-dbi/DBI},     url = {https://dbi.r-dbi.org},   }"
"dbplyr","2.5.0","To cite package ‘dbplyr’ in publications use:    Wickham H, Girlich M, Ruiz E (2024). _dbplyr: A 'dplyr' Back End for Databases_. R package   version 2.5.0, https://github.com/tidyverse/dbplyr, <https://dbplyr.tidyverse.org/>.  A BibTeX entry for LaTeX users is    @Manual{,     title = {dbplyr: A 'dplyr' Back End for Databases},     author = {Hadley Wickham and Maximilian Girlich and Edgar Ruiz},     year = {2024},     note = {R package version 2.5.0, https://github.com/tidyverse/dbplyr},     url = {https://dbplyr.tidyverse.org/},   }"
"DelayedArray","0.28.0","To cite package ‘DelayedArray’ in publications use:    Pagès H (2023). _DelayedArray: A unified framework for working transparently with on-disk   and in-memory array-like datasets_. doi:10.18129/B9.bioc.DelayedArray   <https://doi.org/10.18129/B9.bioc.DelayedArray>, R package version 0.28.0,   <https://bioconductor.org/packages/DelayedArray>.  A BibTeX entry for LaTeX users is    @Manual{,     title = {DelayedArray: A unified framework for working transparently with on-disk and in-memory array-like datasets},     author = {Hervé Pagès},     year = {2023},     note = {R package version 0.28.0},     url = {https://bioconductor.org/packages/DelayedArray},     doi = {10.18129/B9.bioc.DelayedArray},   }"
"DEoptimR","1.1-4","To cite package ‘DEoptimR’ in publications use:    Conceicao EL (2025). _DEoptimR: Differential Evolution Optimization in Pure R_. R package   version 1.1-4, <https://CRAN.R-project.org/package=DEoptimR>.  A BibTeX entry for LaTeX users is    @Manual{,     title = {DEoptimR: Differential Evolution Optimization in Pure R},     author = {Eduardo L. T. Conceicao},     year = {2025},     note = {R package version 1.1-4},     url = {https://CRAN.R-project.org/package=DEoptimR},   }"
"Deriv","4.2.0","To cite package ‘Deriv’ in publications use:    Clausen A, Sokol S (2024). _Deriv: R-based Symbolic Differentiation_. Deriv package version   4.2, <https://CRAN.R-project.org/package=Deriv>.  A BibTeX entry for LaTeX users is    @Manual{,     title = {{Deriv}: R-based Symbolic Differentiation},     author = {Andrew Clausen and Serguei Sokol},     year = {2024},     note = {Deriv package version 4.2},     url = {https://CRAN.R-project.org/package=Deriv},   }"
"DESeq2","1.42.1","To cite package ‘DESeq2’ in publications use:    Love, M.I., Huber, W., Anders, S. Moderated estimation of fold change and dispersion for   RNA-seq data with DESeq2 Genome Biology 15(12):550 (2014)  A BibTeX entry for LaTeX users is    @Article{,     title = {Moderated estimation of fold change and dispersion for RNA-seq data with DESeq2},     author = {Michael I. Love and Wolfgang Huber and Simon Anders},     year = {2014},     journal = {Genome Biology},     doi = {10.1186/s13059-014-0550-8},     volume = {15},     issue = {12},     pages = {550},   }"
"digest","0.6.37","To cite package ‘digest’ in publications use:    Eddelbuettel D (2024). _digest: Create Compact Hash Digests of R Objects_. R package version   0.6.37, https://dirk.eddelbuettel.com/code/digest.html,   <https://github.com/eddelbuettel/digest>.  A BibTeX entry for LaTeX users is    @Manual{,     title = {digest: Create Compact Hash Digests of R Objects},     author = {Dirk Eddelbuettel},     year = {2024},     note = {R package version 0.6.37,  https://dirk.eddelbuettel.com/code/digest.html},     url = {https://github.com/eddelbuettel/digest},   }"
"doBy","4.7.0","To cite package ‘doBy’ in publications use:    Halekoh U, Højsgaard S (2025). _doBy: Groupwise Statistics, LSmeans, Linear Estimates,   Utilities_. R package version 4.7.0, <https://CRAN.R-project.org/package=doBy>.  A BibTeX entry for LaTeX users is    @Manual{,     title = {doBy: Groupwise Statistics, LSmeans, Linear Estimates, Utilities},     author = {Ulrich Halekoh and Søren Højsgaard},     year = {2025},     note = {R package version 4.7.0},     url = {https://CRAN.R-project.org/package=doBy},   }"
"doParallel","1.0.17","To cite package ‘doParallel’ in publications use:    Corporation M, Weston S (2022). _doParallel: Foreach Parallel Adaptor for the 'parallel'   Package_. R package version 1.0.17, <https://github.com/RevolutionAnalytics/doparallel>.  A BibTeX entry for LaTeX users is    @Manual{,     title = {doParallel: Foreach Parallel Adaptor for the 'parallel' Package},     author = {Microsoft Corporation and Steve Weston},     year = {2022},     note = {R package version 1.0.17},     url = {https://github.com/RevolutionAnalytics/doparallel},   }"
"dplyr","1.1.4","To cite package ‘dplyr’ in publications use:    Wickham H, François R, Henry L, Müller K, Vaughan D (2023). _dplyr: A Grammar of Data   Manipulation_. R package version 1.1.4, https://github.com/tidyverse/dplyr,   <https://dplyr.tidyverse.org>.  A BibTeX entry for LaTeX users is    @Manual{,     title = {dplyr: A Grammar of Data Manipulation},     author = {Hadley Wickham and Romain François and Lionel Henry and Kirill Müller and Davis Vaughan},     year = {2023},     note = {R package version 1.1.4, https://github.com/tidyverse/dplyr},     url = {https://dplyr.tidyverse.org},   }"
"dtplyr","1.3.1","To cite package ‘dtplyr’ in publications use:    Wickham H, Girlich M, Fairbanks M, Dickerson R (2023). _dtplyr: Data Table Back-End for   'dplyr'_. R package version 1.3.1, https://github.com/tidyverse/dtplyr,   <https://dtplyr.tidyverse.org>.  A BibTeX entry for LaTeX users is    @Manual{,     title = {dtplyr: Data Table Back-End for 'dplyr'},     author = {Hadley Wickham and Maximilian Girlich and Mark Fairbanks and Ryan Dickerson},     year = {2023},     note = {R package version 1.3.1, https://github.com/tidyverse/dtplyr},     url = {https://dtplyr.tidyverse.org},   }"
"ellipse","0.5.0","To cite package ‘ellipse’ in publications use:    Murdoch D, Chow ED (2023). _ellipse: Functions for Drawing Ellipses and Ellipse-Like   Confidence Regions_. R package version 0.5.0, <https://CRAN.R-project.org/package=ellipse>.  A BibTeX entry for LaTeX users is    @Manual{,     title = {ellipse: Functions for Drawing Ellipses and Ellipse-Like Confidence Regions},     author = {Duncan Murdoch and E. D. Chow},     year = {2023},     note = {R package version 0.5.0},     url = {https://CRAN.R-project.org/package=ellipse},   }  ATTENTION: This citation information has been auto-generated from the package DESCRIPTION file and may need manual editing, see ‘help(""citation"")’."
"evaluate","1.0.4","To cite package ‘evaluate’ in publications use:    Wickham H, Xie Y (2025). _evaluate: Parsing and Evaluation Tools that Provide More Details   than the Default_. R package version 1.0.4, https://github.com/r-lib/evaluate,   <https://evaluate.r-lib.org/>.  A BibTeX entry for LaTeX users is    @Manual{,     title = {evaluate: Parsing and Evaluation Tools that Provide More Details than the Default},     author = {Hadley Wickham and Yihui Xie},     year = {2025},     note = {R package version 1.0.4, https://github.com/r-lib/evaluate},     url = {https://evaluate.r-lib.org/},   }"
"farver","2.1.2","To cite package ‘farver’ in publications use:    Pedersen T, Nicolae B, François R (2024). _farver: High Performance Colour Space   Manipulation_. R package version 2.1.2, <https://CRAN.R-project.org/package=farver>.  A BibTeX entry for LaTeX users is    @Manual{,     title = {farver: High Performance Colour Space Manipulation},     author = {Thomas Lin Pedersen and Berendea Nicolae and Romain François},     year = {2024},     note = {R package version 2.1.2},     url = {https://CRAN.R-project.org/package=farver},   }"
"fastmap","1.2.0","To cite package ‘fastmap’ in publications use:    Chang W (2024). _fastmap: Fast Data Structures_. R package version 1.2.0,   https://github.com/r-lib/fastmap, <https://r-lib.github.io/fastmap/>.  A BibTeX entry for LaTeX users is    @Manual{,     title = {fastmap: Fast Data Structures},     author = {Winston Chang},     year = {2024},     note = {R package version 1.2.0, https://github.com/r-lib/fastmap},     url = {https://r-lib.github.io/fastmap/},   }"
"fontawesome","0.5.3","To cite package ‘fontawesome’ in publications use:    Iannone R (2024). _fontawesome: Easily Work with 'Font Awesome' Icons_. R package version   0.5.3, https://rstudio.github.io/fontawesome/, <https://github.com/rstudio/fontawesome>.  A BibTeX entry for LaTeX users is    @Manual{,     title = {fontawesome: Easily Work with 'Font Awesome' Icons},     author = {Richard Iannone},     year = {2024},     note = {R package version 0.5.3,  https://rstudio.github.io/fontawesome/},     url = {https://github.com/rstudio/fontawesome},   }"
"forcats","1.0.0","To cite package ‘forcats’ in publications use:    Wickham H (2023). _forcats: Tools for Working with Categorical Variables (Factors)_. R   package version 1.0.0, https://github.com/tidyverse/forcats,   <https://forcats.tidyverse.org/>.  A BibTeX entry for LaTeX users is    @Manual{,     title = {forcats: Tools for Working with Categorical Variables (Factors)},     author = {Hadley Wickham},     year = {2023},     note = {R package version 1.0.0,  https://github.com/tidyverse/forcats},     url = {https://forcats.tidyverse.org/},   }"
"foreach","1.5.2","To cite package ‘foreach’ in publications use:    Microsoft, Weston S (2022). _foreach: Provides Foreach Looping Construct_. R package version   1.5.2, <https://CRAN.R-project.org/package=foreach>.  A BibTeX entry for LaTeX users is    @Manual{,     title = {foreach: Provides Foreach Looping Construct},     author = {{Microsoft} and Steve Weston},     year = {2022},     note = {R package version 1.5.2},     url = {https://CRAN.R-project.org/package=foreach},   }"
"formatR","1.14","To cite package ‘formatR’ in publications use:    Xie Y (2023). _formatR: Format R Code Automatically_. R package version 1.14,   <https://CRAN.R-project.org/package=formatR>.  A BibTeX entry for LaTeX users is    @Manual{,     title = {formatR: Format R Code Automatically},     author = {Yihui Xie},     year = {2023},     note = {R package version 1.14},     url = {https://CRAN.R-project.org/package=formatR},   }"
"Formula","1.2-5","To cite Formula in publications use:    Zeileis A, Croissant Y (2010). “Extended Model Formulas in R: Multiple Parts and Multiple   Responses.” _Journal of Statistical Software_, *34*(1), 1-13. doi:10.18637/jss.v034.i01   <https://doi.org/10.18637/jss.v034.i01>.  A BibTeX entry for LaTeX users is    @Article{,     title = {Extended Model Formulas in {R}: Multiple Parts and Multiple Responses},     author = {Achim Zeileis and Yves Croissant},     journal = {Journal of Statistical Software},     year = {2010},     volume = {34},     number = {1},     pages = {1--13},     doi = {10.18637/jss.v034.i01},   }"
"fs","1.6.6","To cite package ‘fs’ in publications use:    Hester J, Wickham H, Csárdi G (2025). _fs: Cross-Platform File System Operations Based on   'libuv'_. R package version 1.6.6, https://github.com/r-lib/fs, <https://fs.r-lib.org>.  A BibTeX entry for LaTeX users is    @Manual{,     title = {fs: Cross-Platform File System Operations Based on 'libuv'},     author = {Jim Hester and Hadley Wickham and Gábor Csárdi},     year = {2025},     note = {R package version 1.6.6, https://github.com/r-lib/fs},     url = {https://fs.r-lib.org},   }"
"futile.logger","1.4.3","To cite package ‘futile.logger’ in publications use:    Rowe BLY (2016). _futile.logger: A Logging Utility for R_. R package version 1.4.3,   <https://CRAN.R-project.org/package=futile.logger>.  A BibTeX entry for LaTeX users is    @Manual{,     title = {futile.logger: A Logging Utility for R},     author = {Brian Lee Yung Rowe},     year = {2016},     note = {R package version 1.4.3},     url = {https://CRAN.R-project.org/package=futile.logger},   }  ATTENTION: This citation information has been auto-generated from the package DESCRIPTION file and may need manual editing, see ‘help(""citation"")’."
"futile.options","1.0.1","To cite package ‘futile.options’ in publications use:    Rowe BLY (2018). _futile.options: Futile Options Management_. R package version 1.0.1,   <https://CRAN.R-project.org/package=futile.options>.  A BibTeX entry for LaTeX users is    @Manual{,     title = {futile.options: Futile Options Management},     author = {Brian Lee Yung Rowe},     year = {2018},     note = {R package version 1.0.1},     url = {https://CRAN.R-project.org/package=futile.options},   }  ATTENTION: This citation information has been auto-generated from the package DESCRIPTION file and may need manual editing, see ‘help(""citation"")’."
"gargle","1.5.2","To cite package ‘gargle’ in publications use:    Bryan J, Citro C, Wickham H (2023). _gargle: Utilities for Working with Google APIs_. R   package version 1.5.2, https://github.com/r-lib/gargle, <https://gargle.r-lib.org>.  A BibTeX entry for LaTeX users is    @Manual{,     title = {gargle: Utilities for Working with Google APIs},     author = {Jennifer Bryan and Craig Citro and Hadley Wickham},     year = {2023},     note = {R package version 1.5.2, https://github.com/r-lib/gargle},     url = {https://gargle.r-lib.org},   }"
"generics","0.1.4","To cite package ‘generics’ in publications use:    Wickham H, Kuhn M, Vaughan D (2025). _generics: Common S3 Generics not Provided by Base R   Methods Related to Model Fitting_. R package version 0.1.4,   https://github.com/r-lib/generics, <https://generics.r-lib.org>.  A BibTeX entry for LaTeX users is    @Manual{,     title = {generics: Common S3 Generics not Provided by Base R Methods Related to Model Fitting},     author = {Hadley Wickham and Max Kuhn and Davis Vaughan},     year = {2025},     note = {R package version 0.1.4, https://github.com/r-lib/generics},     url = {https://generics.r-lib.org},   }"
"GenomeInfoDb","1.38.8","To cite package ‘GenomeInfoDb’ in publications use:    Arora S, Morgan M, Carlson M, Pagès H (2024). _GenomeInfoDb: Utilities for manipulating   chromosome names, including modifying them to follow a particular naming style_. R package   version 1.38.8, <https://bioconductor.org/packages/GenomeInfoDb>.  A BibTeX entry for LaTeX users is    @Manual{,     title = {GenomeInfoDb: Utilities for manipulating chromosome names, including modifying them to follow a particular naming style},     author = {Sonali Arora and Martin Morgan and Marc Carlson and Hervé Pagès},     year = {2024},     note = {R package version 1.38.8},     url = {https://bioconductor.org/packages/GenomeInfoDb},   }"
"GenomeInfoDbData","1.2.11","To cite package ‘GenomeInfoDbData’ in publications use:    Team BC (2023). _GenomeInfoDbData: Species and taxonomy ID look up tables used by   GenomeInfoDb_. R package version 1.2.11.  A BibTeX entry for LaTeX users is    @Manual{,     title = {GenomeInfoDbData: Species and taxonomy ID look up tables used by GenomeInfoDb},     author = {Bioconductor Core Team},     year = {2023},     note = {R package version 1.2.11},   }  ATTENTION: This citation information has been auto-generated from the package DESCRIPTION file and may need manual editing, see ‘help(""citation"")’."
"GenomicRanges","1.54.1","To cite package ‘GenomicRanges’ in publications use:    Lawrence M, Huber W, Pag\`es H, Aboyoun P, Carlson M, et al. (2013) Software for Computing   and Annotating Genomic Ranges. PLoS Comput Biol 9(8): e1003118.   doi:10.1371/journal.pcbi.1003118  A BibTeX entry for LaTeX users is    @Article{,     title = {Software for Computing and Annotating Genomic Ranges},     author = {Michael Lawrence and Wolfgang Huber and Herv\'e Pag\`es and Patrick Aboyoun and Marc Carlson and Robert Gentleman and Martin Morgan and Vincent Carey},     year = {2013},     journal = {{PLoS} Computational Biology},     volume = {9},     issue = {8},     doi = {10.1371/journal.pcbi.1003118},     url = {http://www.ploscompbiol.org/article/info%3Adoi%2F10.1371%2Fjournal.pcbi.1003118},   }"
"GetoptLong","1.1.0","To cite package ‘GetoptLong’ in publications use:    Gu Z (2025). _GetoptLong: Parsing Command-Line Arguments and Simple Variable Interpolation_.   R package version 1.1.0, <https://CRAN.R-project.org/package=GetoptLong>.  A BibTeX entry for LaTeX users is    @Manual{,     title = {GetoptLong: Parsing Command-Line Arguments and Simple Variable Interpolation},     author = {Zuguang Gu},     year = {2025},     note = {R package version 1.1.0},     url = {https://CRAN.R-project.org/package=GetoptLong},   }"
"ggbeeswarm","0.7.3","To cite package ‘ggbeeswarm’ in publications use:    Clarke E, Sherrill-Mix S, Dawson C (2025). _ggbeeswarm: Categorical Scatter (Violin Point)   Plots_. R package version 0.7.3, <https://CRAN.R-project.org/package=ggbeeswarm>.  A BibTeX entry for LaTeX users is    @Manual{,     title = {ggbeeswarm: Categorical Scatter (Violin Point) Plots},     author = {Erik Clarke and Scott Sherrill-Mix and Charlotte Dawson},     year = {2025},     note = {R package version 0.7.3},     url = {https://CRAN.R-project.org/package=ggbeeswarm},   }"
"ggforce","0.5.0","To cite package ‘ggforce’ in publications use:    Pedersen T (2025). _ggforce: Accelerating 'ggplot2'_. R package version 0.5.0,   https://github.com/thomasp85/ggforce, <https://ggforce.data-imaginist.com>.  A BibTeX entry for LaTeX users is    @Manual{,     title = {ggforce: Accelerating 'ggplot2'},     author = {Thomas Lin Pedersen},     year = {2025},     note = {R package version 0.5.0,  https://github.com/thomasp85/ggforce},     url = {https://ggforce.data-imaginist.com},   }"
"ggplot2","3.5.2","To cite ggplot2 in publications, please use    H. Wickham. ggplot2: Elegant Graphics for Data Analysis. Springer-Verlag New York, 2016.  A BibTeX entry for LaTeX users is    @Book{,     author = {Hadley Wickham},     title = {ggplot2: Elegant Graphics for Data Analysis},     publisher = {Springer-Verlag New York},     year = {2016},     isbn = {978-3-319-24277-4},     url = {https://ggplot2.tidyverse.org},   }"
"ggpubr","0.6.1","To cite package ‘ggpubr’ in publications use:    Kassambara A (2025). _ggpubr: 'ggplot2' Based Publication Ready Plots_. R package version   0.6.1, <https://CRAN.R-project.org/package=ggpubr>.  A BibTeX entry for LaTeX users is    @Manual{,     title = {ggpubr: 'ggplot2' Based Publication Ready Plots},     author = {Alboukadel Kassambara},     year = {2025},     note = {R package version 0.6.1},     url = {https://CRAN.R-project.org/package=ggpubr},   }"
"ggrepel","0.9.6","To cite package ‘ggrepel’ in publications use:    Slowikowski K (2024). _ggrepel: Automatically Position Non-Overlapping Text Labels with   'ggplot2'_. R package version 0.9.6, https://github.com/slowkow/ggrepel,   <https://ggrepel.slowkow.com/>.  A BibTeX entry for LaTeX users is    @Manual{,     title = {ggrepel: Automatically Position Non-Overlapping Text Labels with 'ggplot2'},     author = {Kamil Slowikowski},     year = {2024},     note = {R package version 0.9.6, https://github.com/slowkow/ggrepel},     url = {https://ggrepel.slowkow.com/},   }"
"ggsci","3.2.0","To cite package ‘ggsci’ in publications use:    Xiao N (2024). _ggsci: Scientific Journal and Sci-Fi Themed Color Palettes for 'ggplot2'_. R   package version 3.2.0, <https://CRAN.R-project.org/package=ggsci>.  A BibTeX entry for LaTeX users is    @Manual{,     title = {ggsci: Scientific Journal and Sci-Fi Themed Color Palettes for 'ggplot2'},     author = {Nan Xiao},     year = {2024},     note = {R package version 3.2.0},     url = {https://CRAN.R-project.org/package=ggsci},   }"
"ggsignif","0.6.4","To cite 'ggsignif' in publications use:    Ahlmann-Eltze, C., & Patil, I. (2021). ggsignif: R Package for Displaying Significance   Brackets for 'ggplot2'. PsyArxiv. doi:10.31234/osf.io/7awm6  A BibTeX entry for LaTeX users is    @Article{,     title = {{ggsignif}: R Package for Displaying Significance Brackets for {'ggplot2'}},     author = {Ahlmann-Eltze Constantin and Indrajeet Patil},     year = {2021},     journal = {PsyArxiv},     url = {https://psyarxiv.com/7awm6},     doi = {10.31234/osf.io/7awm6},   }"
"ggthemes","5.1.0","To cite package ‘ggthemes’ in publications use:    Arnold J (2024). _ggthemes: Extra Themes, Scales and Geoms for 'ggplot2'_. R package version   5.1.0, <https://CRAN.R-project.org/package=ggthemes>.  A BibTeX entry for LaTeX users is    @Manual{,     title = {ggthemes: Extra Themes, Scales and Geoms for 'ggplot2'},     author = {Jeffrey B. Arnold},     year = {2024},     note = {R package version 5.1.0},     url = {https://CRAN.R-project.org/package=ggthemes},   }"
"GlobalOptions","0.1.3","To cite package ‘GlobalOptions’ in publications use:    Gu Z (2025). _GlobalOptions: Generate Functions to Get or Set Global Options_. R package   version 0.1.3, <https://CRAN.R-project.org/package=GlobalOptions>.  A BibTeX entry for LaTeX users is    @Manual{,     title = {GlobalOptions: Generate Functions to Get or Set Global Options},     author = {Zuguang Gu},     year = {2025},     note = {R package version 0.1.3},     url = {https://CRAN.R-project.org/package=GlobalOptions},   }"
"glue","1.8.0","To cite package ‘glue’ in publications use:    Hester J, Bryan J (2024). _glue: Interpreted String Literals_. R package version 1.8.0,   https://github.com/tidyverse/glue, <https://glue.tidyverse.org/>.  A BibTeX entry for LaTeX users is    @Manual{,     title = {glue: Interpreted String Literals},     author = {Jim Hester and Jennifer Bryan},     year = {2024},     note = {R package version 1.8.0, https://github.com/tidyverse/glue},     url = {https://glue.tidyverse.org/},   }"
"googledrive","2.1.1","To cite package ‘googledrive’ in publications use:    D'Agostino McGowan L, Bryan J (2023). _googledrive: An Interface to Google Drive_. R package   version 2.1.1, https://github.com/tidyverse/googledrive,   <https://googledrive.tidyverse.org>.  A BibTeX entry for LaTeX users is    @Manual{,     title = {googledrive: An Interface to Google Drive},     author = {Lucy {D'Agostino McGowan} and Jennifer Bryan},     year = {2023},     note = {R package version 2.1.1,  https://github.com/tidyverse/googledrive},     url = {https://googledrive.tidyverse.org},   }"
"googlesheets4","1.1.1","To cite package ‘googlesheets4’ in publications use:    Bryan J (2023). _googlesheets4: Access Google Sheets using the Sheets API V4_. R package   version 1.1.1, https://github.com/tidyverse/googlesheets4,   <https://googlesheets4.tidyverse.org>.  A BibTeX entry for LaTeX users is    @Manual{,     title = {googlesheets4: Access Google Sheets using the Sheets API V4},     author = {Jennifer Bryan},     year = {2023},     note = {R package version 1.1.1,  https://github.com/tidyverse/googlesheets4},     url = {https://googlesheets4.tidyverse.org},   }"
"gridExtra","2.3","To cite package ‘gridExtra’ in publications use:    Auguie B (2017). _gridExtra: Miscellaneous Functions for ""Grid"" Graphics_. R package version   2.3.  A BibTeX entry for LaTeX users is    @Manual{,     title = {gridExtra: Miscellaneous Functions for ""Grid"" Graphics},     author = {Baptiste Auguie},     year = {2017},     note = {R package version 2.3},   }"
"gtable","0.3.6","To cite package ‘gtable’ in publications use:    Wickham H, Pedersen T (2024). _gtable: Arrange 'Grobs' in Tables_. R package version 0.3.6,   <https://CRAN.R-project.org/package=gtable>.  A BibTeX entry for LaTeX users is    @Manual{,     title = {gtable: Arrange 'Grobs' in Tables},     author = {Hadley Wickham and Thomas Lin Pedersen},     year = {2024},     note = {R package version 0.3.6},     url = {https://CRAN.R-project.org/package=gtable},   }"
"haven","2.5.5","To cite package ‘haven’ in publications use:    Wickham H, Miller E, Smith D (2025). _haven: Import and Export 'SPSS', 'Stata' and 'SAS'   Files_. R package version 2.5.5, https://github.com/tidyverse/haven,   https://github.com/WizardMac/ReadStat, <https://haven.tidyverse.org>.  A BibTeX entry for LaTeX users is    @Manual{,     title = {haven: Import and Export 'SPSS', 'Stata' and 'SAS' Files},     author = {Hadley Wickham and Evan Miller and Danny Smith},     year = {2025},     note = {R package version 2.5.5, https://github.com/tidyverse/haven, https://github.com/WizardMac/ReadStat},     url = {https://haven.tidyverse.org},   }"
"highr","0.11","To cite package ‘highr’ in publications use:    Xie Y, Qiu Y (2024). _highr: Syntax Highlighting for R Source Code_. R package version 0.11,   <https://github.com/yihui/highr>.  A BibTeX entry for LaTeX users is    @Manual{,     title = {highr: Syntax Highlighting for R Source Code},     author = {Yihui Xie and Yixuan Qiu},     year = {2024},     note = {R package version 0.11},     url = {https://github.com/yihui/highr},   }"
"Hmisc","5.2-3","To cite package ‘Hmisc’ in publications use:    Harrell Jr F (2025). _Hmisc: Harrell Miscellaneous_. R package version 5.2-3,   <https://CRAN.R-project.org/package=Hmisc>.  A BibTeX entry for LaTeX users is    @Manual{,     title = {Hmisc: Harrell Miscellaneous},     author = {Frank E {Harrell Jr}},     year = {2025},     note = {R package version 5.2-3},     url = {https://CRAN.R-project.org/package=Hmisc},   }"
"hms","1.1.3","To cite package ‘hms’ in publications use:    Müller K (2023). _hms: Pretty Time of Day_. R package version 1.1.3,   https://github.com/tidyverse/hms, <https://hms.tidyverse.org/>.  A BibTeX entry for LaTeX users is    @Manual{,     title = {hms: Pretty Time of Day},     author = {Kirill Müller},     year = {2023},     note = {R package version 1.1.3, https://github.com/tidyverse/hms},     url = {https://hms.tidyverse.org/},   }"
"htmlTable","2.4.3","To cite package ‘htmlTable’ in publications use:    Gordon M, Gragg S, Konings P (2024). _htmlTable: Advanced Tables for Markdown/HTML_. R   package version 2.4.3, <https://CRAN.R-project.org/package=htmlTable>.  A BibTeX entry for LaTeX users is    @Manual{,     title = {htmlTable: Advanced Tables for Markdown/HTML},     author = {Max Gordon and Stephen Gragg and Peter Konings},     year = {2024},     note = {R package version 2.4.3},     url = {https://CRAN.R-project.org/package=htmlTable},   }"
"htmltools","0.5.8.1","To cite package ‘htmltools’ in publications use:    Cheng J, Sievert C, Schloerke B, Chang W, Xie Y, Allen J (2024). _htmltools: Tools for   HTML_. R package version 0.5.8.1, https://rstudio.github.io/htmltools/,   <https://github.com/rstudio/htmltools>.  A BibTeX entry for LaTeX users is    @Manual{,     title = {htmltools: Tools for HTML},     author = {Joe Cheng and Carson Sievert and Barret Schloerke and Winston Chang and Yihui Xie and Jeff Allen},     year = {2024},     note = {R package version 0.5.8.1,  https://rstudio.github.io/htmltools/},     url = {https://github.com/rstudio/htmltools},   }"
"htmlwidgets","1.6.4","To cite package ‘htmlwidgets’ in publications use:    Vaidyanathan R, Xie Y, Allaire J, Cheng J, Sievert C, Russell K (2023). _htmlwidgets: HTML   Widgets for R_. R package version 1.6.4, <https://CRAN.R-project.org/package=htmlwidgets>.  A BibTeX entry for LaTeX users is    @Manual{,     title = {htmlwidgets: HTML Widgets for R},     author = {Ramnath Vaidyanathan and Yihui Xie and JJ Allaire and Joe Cheng and Carson Sievert and Kenton Russell},     year = {2023},     note = {R package version 1.6.4},     url = {https://CRAN.R-project.org/package=htmlwidgets},   }"
"httr","1.4.7","To cite package ‘httr’ in publications use:    Wickham H (2023). _httr: Tools for Working with URLs and HTTP_. R package version 1.4.7,   https://github.com/r-lib/httr, <https://httr.r-lib.org/>.  A BibTeX entry for LaTeX users is    @Manual{,     title = {httr: Tools for Working with URLs and HTTP},     author = {Hadley Wickham},     year = {2023},     note = {R package version 1.4.7, https://github.com/r-lib/httr},     url = {https://httr.r-lib.org/},   }"
"ids","1.0.1","To cite package ‘ids’ in publications use:    FitzJohn R (2017). _ids: Generate Random Identifiers_. R package version 1.0.1,   <https://github.com/richfitz/ids>.  A BibTeX entry for LaTeX users is    @Manual{,     title = {ids: Generate Random Identifiers},     author = {Rich FitzJohn},     year = {2017},     note = {R package version 1.0.1},     url = {https://github.com/richfitz/ids},   }"
"igraph","2.1.4","To cite 'igraph' in publications use:    Csardi G, Nepusz T (2006). “The igraph software package for complex network research.”   _InterJournal_, *Complex Systems*, 1695. <https://igraph.org>.  Csárdi G, Nepusz T, Traag V, Horvát Sz, Zanini F, Noom D, Müller K (2026). _igraph: Network Analysis and Visualization in R_. doi:10.5281/zenodo.7682609 <https://doi.org/10.5281/zenodo.7682609>, R package version 2.1.4, <https://CRAN.R-project.org/package=igraph>.  To see these entries in BibTeX format, use 'print(<citation>, bibtex=TRUE)', 'toBibtex(.)', or set 'options(citation.bibtex.max=999)'."
"IRanges","2.36.0","To cite package ‘IRanges’ in publications use:    Lawrence M, Huber W, Pag\`es H, Aboyoun P, Carlson M, et al. (2013) Software for Computing   and Annotating Genomic Ranges. PLoS Comput Biol 9(8): e1003118.   doi:10.1371/journal.pcbi.1003118  A BibTeX entry for LaTeX users is    @Article{,     title = {Software for Computing and Annotating Genomic Ranges},     author = {Michael Lawrence and Wolfgang Huber and Herv\'e Pag\`es and Patrick Aboyoun and Marc Carlson and Robert Gentleman and Martin Morgan and Vincent Carey},     year = {2013},     journal = {{PLoS} Computational Biology},     volume = {9},     issue = {8},     doi = {10.1371/journal.pcbi.1003118},     url = {http://www.ploscompbiol.org/article/info%3Adoi%2F10.1371%2Fjournal.pcbi.1003118},   }"
"isoband","0.2.7","To cite package ‘isoband’ in publications use:    Wickham H, Wilke C, Pedersen T (2022). _isoband: Generate Isolines and Isobands from   Regularly Spaced Elevation Grids_. R package version 0.2.7,   <https://CRAN.R-project.org/package=isoband>.  A BibTeX entry for LaTeX users is    @Manual{,     title = {isoband: Generate Isolines and Isobands from Regularly Spaced Elevation Grids},     author = {Hadley Wickham and Claus O. Wilke and Thomas Lin Pedersen},     year = {2022},     note = {R package version 0.2.7},     url = {https://CRAN.R-project.org/package=isoband},   }"
"iterators","1.0.14","To cite package ‘iterators’ in publications use:    Analytics R, Weston S (2022). _iterators: Provides Iterator Construct_. R package version   1.0.14, <https://CRAN.R-project.org/package=iterators>.  A BibTeX entry for LaTeX users is    @Manual{,     title = {iterators: Provides Iterator Construct},     author = {Revolution Analytics and Steve Weston},     year = {2022},     note = {R package version 1.0.14},     url = {https://CRAN.R-project.org/package=iterators},   }"
"jquerylib","0.1.4","To cite package ‘jquerylib’ in publications use:    Sievert C, Cheng J (2021). _jquerylib: Obtain 'jQuery' as an HTML Dependency Object_. R   package version 0.1.4.  A BibTeX entry for LaTeX users is    @Manual{,     title = {jquerylib: Obtain 'jQuery' as an HTML Dependency Object},     author = {Carson Sievert and Joe Cheng},     year = {2021},     note = {R package version 0.1.4},   }"
"jsonlite","2.0.0","To cite jsonlite in publications use:    Ooms J (2014). “The jsonlite Package: A Practical and Consistent Mapping Between JSON Data   and R Objects.” _arXiv:1403.2805 [stat.CO]_. <https://arxiv.org/abs/1403.2805>.  A BibTeX entry for LaTeX users is    @Article{,     title = {The jsonlite Package: A Practical and Consistent Mapping Between JSON Data and R Objects},     author = {Jeroen Ooms},     journal = {arXiv:1403.2805 [stat.CO]},     year = {2014},     url = {https://arxiv.org/abs/1403.2805},   }"
"knitr","1.50","To cite package ‘knitr’ in publications use:    Xie Y (2025). _knitr: A General-Purpose Package for Dynamic Report Generation in R_. R   package version 1.50, <https://yihui.org/knitr/>.    Yihui Xie (2015) Dynamic Documents with R and knitr. 2nd edition. Chapman and Hall/CRC. ISBN   978-1498716963    Yihui Xie (2014) knitr: A Comprehensive Tool for Reproducible Research in R. In Victoria   Stodden, Friedrich Leisch and Roger D. Peng, editors, Implementing Reproducible   Computational Research. Chapman and Hall/CRC. ISBN 978-1466561595  To see these entries in BibTeX format, use 'print(<citation>, bibtex=TRUE)', 'toBibtex(.)', or set 'options(citation.bibtex.max=999)'."
"labeling","0.4.3","To cite package ‘labeling’ in publications use:    Talbot, J (2023). _labeling: Axis Labeling_. R package version 0.4.3,   <https://CRAN.R-project.org/package=labeling>.  A BibTeX entry for LaTeX users is    @Manual{,     title = {labeling: Axis Labeling},     author = {Justin Talbot,},     year = {2023},     note = {R package version 0.4.3},     url = {https://CRAN.R-project.org/package=labeling},   }  ATTENTION: This citation information has been auto-generated from the package DESCRIPTION file and may need manual editing, see ‘help(""citation"")’."
"lambda.r","1.2.4","To cite package ‘lambda.r’ in publications use:    Rowe BLY (2019). _lambda.r: Modeling Data with Functional Programming_. R package version   1.2.4, <https://CRAN.R-project.org/package=lambda.r>.  A BibTeX entry for LaTeX users is    @Manual{,     title = {lambda.r: Modeling Data with Functional Programming},     author = {Brian Lee Yung Rowe},     year = {2019},     note = {R package version 1.2.4},     url = {https://CRAN.R-project.org/package=lambda.r},   }  ATTENTION: This citation information has been auto-generated from the package DESCRIPTION file and may need manual editing, see ‘help(""citation"")’."
"lattice","0.22-7","To cite package ‘lattice’ in publications use:    Sarkar D (2008). _Lattice: Multivariate Data Visualization with R_. Springer, New York. ISBN   978-0-387-75968-5, <http://lmdvr.r-forge.r-project.org>.  A BibTeX entry for LaTeX users is    @Book{,     title = {Lattice: Multivariate Data Visualization with R},     author = {Deepayan Sarkar},     year = {2008},     publisher = {Springer},     address = {New York},     isbn = {978-0-387-75968-5},     url = {http://lmdvr.r-forge.r-project.org},   }"
"lifecycle","1.0.4","To cite package ‘lifecycle’ in publications use:    Henry L, Wickham H (2023). _lifecycle: Manage the Life Cycle of your Package Functions_. R   package version 1.0.4, https://github.com/r-lib/lifecycle, <https://lifecycle.r-lib.org/>.  A BibTeX entry for LaTeX users is    @Manual{,     title = {lifecycle: Manage the Life Cycle of your Package Functions},     author = {Lionel Henry and Hadley Wickham},     year = {2023},     note = {R package version 1.0.4, https://github.com/r-lib/lifecycle},     url = {https://lifecycle.r-lib.org/},   }"
"lme4","1.1-37","To cite lme4 in publications use:    Douglas Bates, Martin Maechler, Ben Bolker, Steve Walker (2015). Fitting Linear   Mixed-Effects Models Using lme4. Journal of Statistical Software, 67(1), 1-48.   doi:10.18637/jss.v067.i01.  A BibTeX entry for LaTeX users is    @Article{,     title = {Fitting Linear Mixed-Effects Models Using {lme4}},     author = {Douglas Bates and Martin M{\""a}chler and Ben Bolker and Steve Walker},     journal = {Journal of Statistical Software},     year = {2015},     volume = {67},     number = {1},     pages = {1--48},     doi = {10.18637/jss.v067.i01},   }"
"locfit","1.5-9.12","To cite package ‘locfit’ in publications use:    Loader C (2025). _locfit: Local Regression, Likelihood and Density Estimation_. R package   version 1.5-9.12, <https://CRAN.R-project.org/package=locfit>.  A BibTeX entry for LaTeX users is    @Manual{,     title = {locfit: Local Regression, Likelihood and Density Estimation},     author = {Catherine Loader},     year = {2025},     note = {R package version 1.5-9.12},     url = {https://CRAN.R-project.org/package=locfit},   }"
"lubridate","1.9.4","To cite lubridate in publications use:    Garrett Grolemund, Hadley Wickham (2011). Dates and Times Made Easy with lubridate. Journal   of Statistical Software, 40(3), 1-25. URL https://www.jstatsoft.org/v40/i03/.  A BibTeX entry for LaTeX users is    @Article{,     title = {Dates and Times Made Easy with {lubridate}},     author = {Garrett Grolemund and Hadley Wickham},     journal = {Journal of Statistical Software},     year = {2011},     volume = {40},     number = {3},     pages = {1--25},     url = {https://www.jstatsoft.org/v40/i03/},   }"
"magick","2.8.7","To cite package ‘magick’ in publications use:    Ooms J (2025). _magick: Advanced Graphics and Image-Processing in R_. R package version   2.8.7, <https://CRAN.R-project.org/package=magick>.  A BibTeX entry for LaTeX users is    @Manual{,     title = {magick: Advanced Graphics and Image-Processing in R},     author = {Jeroen Ooms},     year = {2025},     note = {R package version 2.8.7},     url = {https://CRAN.R-project.org/package=magick},   }"
"magrittr","2.0.3","To cite package ‘magrittr’ in publications use:    Bache S, Wickham H (2022). _magrittr: A Forward-Pipe Operator for R_. R package version   2.0.3, https://github.com/tidyverse/magrittr, <https://magrittr.tidyverse.org>.  A BibTeX entry for LaTeX users is    @Manual{,     title = {magrittr: A Forward-Pipe Operator for R},     author = {Stefan Milton Bache and Hadley Wickham},     year = {2022},     note = {R package version 2.0.3,  https://github.com/tidyverse/magrittr},     url = {https://magrittr.tidyverse.org},   }"
"MatrixGenerics","1.14.0","To cite package ‘MatrixGenerics’ in publications use:    Ahlmann-Eltze C, Hickey P, Pagès H (2023). _MatrixGenerics: S4 Generic Summary Statistic   Functions that Operate on Matrix-Like Objects_. doi:10.18129/B9.bioc.MatrixGenerics   <https://doi.org/10.18129/B9.bioc.MatrixGenerics>, R package version 1.14.0,   <https://bioconductor.org/packages/MatrixGenerics>.  A BibTeX entry for LaTeX users is    @Manual{,     title = {MatrixGenerics: S4 Generic Summary Statistic Functions that Operate on Matrix-Like Objects},     author = {Constantin Ahlmann-Eltze and Peter Hickey and Hervé Pagès},     year = {2023},     note = {R package version 1.14.0},     url = {https://bioconductor.org/packages/MatrixGenerics},     doi = {10.18129/B9.bioc.MatrixGenerics},   }"
"MatrixModels","0.5-4","To cite package ‘MatrixModels’ in publications use:    Bates D, Maechler M (2025). _MatrixModels: Modelling with Sparse and Dense Matrices_. R   package version 0.5-4, <https://CRAN.R-project.org/package=MatrixModels>.  A BibTeX entry for LaTeX users is    @Manual{,     title = {MatrixModels: Modelling with Sparse and Dense Matrices},     author = {Douglas Bates and Martin Maechler},     year = {2025},     note = {R package version 0.5-4},     url = {https://CRAN.R-project.org/package=MatrixModels},   }"
"matrixStats","1.5.0","To cite package ‘matrixStats’ in publications use:    Bengtsson H (2025). _matrixStats: Functions that Apply to Rows and Columns of Matrices (and   to Vectors)_. R package version 1.5.0, <https://CRAN.R-project.org/package=matrixStats>.  A BibTeX entry for LaTeX users is    @Manual{,     title = {matrixStats: Functions that Apply to Rows and Columns of Matrices (and to Vectors)},     author = {Henrik Bengtsson},     year = {2025},     note = {R package version 1.5.0},     url = {https://CRAN.R-project.org/package=matrixStats},   }"
"memoise","2.0.1","To cite package ‘memoise’ in publications use:    Wickham H, Hester J, Chang W, Müller K, Cook D (2021). _memoise: 'Memoisation' of   Functions_. R package version 2.0.1, https://github.com/r-lib/memoise,   <https://memoise.r-lib.org>.  A BibTeX entry for LaTeX users is    @Manual{,     title = {memoise: 'Memoisation' of Functions},     author = {Hadley Wickham and Jim Hester and Winston Chang and Kirill Müller and Daniel Cook},     year = {2021},     note = {R package version 2.0.1, https://github.com/r-lib/memoise},     url = {https://memoise.r-lib.org},   }"
"microbenchmark","1.5.0","To cite package ‘microbenchmark’ in publications use:    Mersmann O (2024). _microbenchmark: Accurate Timing Functions_. R package version 1.5.0,   <https://CRAN.R-project.org/package=microbenchmark>.  A BibTeX entry for LaTeX users is    @Manual{,     title = {microbenchmark: Accurate Timing Functions},     author = {Olaf Mersmann},     year = {2024},     note = {R package version 1.5.0},     url = {https://CRAN.R-project.org/package=microbenchmark},   }"
"microbiome","1.24.0","Please cite the package as follows:    Leo Lahti et al.  microbiome R package.  URL: http://microbiome.github.io  A BibTeX entry for LaTeX users is    @Misc{,     title = {microbiome R package},     author = {Leo Lahti and Sudarshan Shetty},     year = {2012-2019},   }"
"mime","0.13","To cite package ‘mime’ in publications use:    Xie Y (2025). _mime: Map Filenames to MIME Types_. R package version 0.13,   <https://github.com/yihui/mime>.  A BibTeX entry for LaTeX users is    @Manual{,     title = {mime: Map Filenames to MIME Types},     author = {Yihui Xie},     year = {2025},     note = {R package version 0.13},     url = {https://github.com/yihui/mime},   }"
"minqa","1.2.8","To cite package ‘minqa’ in publications use:    Bates D, Mullen KM, Nash JC, Varadhan R (2024). _minqa: Derivative-Free Optimization   Algorithms by Quadratic Approximation_. R package version 1.2.8,   <https://CRAN.R-project.org/package=minqa>.  A BibTeX entry for LaTeX users is    @Manual{,     title = {minqa: Derivative-Free Optimization Algorithms by Quadratic Approximation},     author = {Douglas Bates and Katharine M. Mullen and John C. Nash and Ravi Varadhan},     year = {2024},     note = {R package version 1.2.8},     url = {https://CRAN.R-project.org/package=minqa},   }"
"mixOmics","6.26.0","To cite mixOmics in publications, please use:    Rohart F, Gautier B, Singh A, and Le Cao K-A (2017) mixOmics: An R package for 'omics   feature selection and multiple data integration. PLoS computational biology 13(11):e1005752  A BibTeX entry for LaTeX users is    @Article{,     author = {Rohart F and Gautier B and Singh A and Le Cao K-A},     title = {mixOmics: An R package for 'omics feature selection and multiple data integration},     journal = {PLoS computational biology},     volume = {13},     number = {11},     pages = {e1005752},     year = {2017},     publisher = {Public Library of Science},     url = {http://www.mixOmics.org},   }"
"modelr","0.1.11","To cite package ‘modelr’ in publications use:    Wickham H (2023). _modelr: Modelling Functions that Work with the Pipe_. R package version   0.1.11, https://github.com/tidyverse/modelr, <https://modelr.tidyverse.org>.  A BibTeX entry for LaTeX users is    @Manual{,     title = {modelr: Modelling Functions that Work with the Pipe},     author = {Hadley Wickham},     year = {2023},     note = {R package version 0.1.11, https://github.com/tidyverse/modelr},     url = {https://modelr.tidyverse.org},   }"
"multtest","2.58.0","To cite package multtest in publications use:    K.S Pollard, S. Dudoit, M.J. van der Laan (2005). Multiple Testing Procedures: R multtest   Package and Applications to Genomics, in Bioinformatics and Computational Biology Solutions   Using R and Bioconductor, R. Gentleman, V. Carey, W. Huber, R. Irizarry, S. Dudoit   (Editors). Springer (Statistics for Biology and Health Series), pp. 251-272.  A BibTeX entry for LaTeX users is    @Book{,     title = {Multiple Testing Procedures: R multtest Package and Applications to Genomics, in Bioinformatics and Computational Biology Solutions Using R and Bioconductor},     year = {2005},     author = {Katherine S. Pollard and Sandrine Dudoit and Mark J. {van der Laan}},     publisher = {Springer},   }"
"nloptr","2.2.1","If you use NLopt in work that leads to a publication, we would appreciate it if you would kindly cite NLopt in your manuscript. Please cite both the NLopt library and the authors of the specific algorithm(s) that you employed in your work. Cite NLopt as:    Johnson S (2008). _The NLopt nonlinear-optimization package_.   <https://github.com/stevengj/nlopt>.  A BibTeX entry for LaTeX users is    @Manual{,     author = {Steven G. Johnson},     title = {The NLopt nonlinear-optimization package},     year = {2008},     url = {https://github.com/stevengj/nlopt},   }  The authors and appropriate citations for the specific optimization algorithms in NLopt are listed in the NLopt Algorithms page."
"numDeriv","2016.8-1.1","To cite package ‘numDeriv’ in publications use:    Gilbert P, Varadhan R (2019). _numDeriv: Accurate Numerical Derivatives_. R package version   2016.8-1.1, <https://CRAN.R-project.org/package=numDeriv>.  A BibTeX entry for LaTeX users is    @Manual{,     title = {numDeriv: Accurate Numerical Derivatives},     author = {Paul Gilbert and Ravi Varadhan},     year = {2019},     note = {R package version 2016.8-1.1},     url = {https://CRAN.R-project.org/package=numDeriv},   }  ATTENTION: This citation information has been auto-generated from the package DESCRIPTION file and may need manual editing, see ‘help(""citation"")’."
"openssl","2.3.3","To cite package ‘openssl’ in publications use:    Ooms J (2025). _openssl: Toolkit for Encryption, Signatures and Certificates Based on   OpenSSL_. R package version 2.3.3, <https://jeroen.r-universe.dev/openssl>.  A BibTeX entry for LaTeX users is    @Manual{,     title = {openssl: Toolkit for Encryption, Signatures and Certificates Based on OpenSSL},     author = {Jeroen Ooms},     year = {2025},     note = {R package version 2.3.3},     url = {https://jeroen.r-universe.dev/openssl},   }"
"patchwork","1.3.1","To cite package ‘patchwork’ in publications use:    Pedersen T (2025). _patchwork: The Composer of Plots_. R package version 1.3.1,   <https://CRAN.R-project.org/package=patchwork>.  A BibTeX entry for LaTeX users is    @Manual{,     title = {patchwork: The Composer of Plots},     author = {Thomas Lin Pedersen},     year = {2025},     note = {R package version 1.3.1},     url = {https://CRAN.R-project.org/package=patchwork},   }"
"pbkrtest","0.5.4","To cite pbkrtest in publications use:    Ulrich Halekoh, Søren Højsgaard (2014). A Kenward-Roger Approximation and Parametric   Bootstrap Methods for Tests in Linear Mixed Models - The R Package pbkrtest. Journal of   Statistical Software, 59(9), 1-30. URL https://www.jstatsoft.org/v59/i09/.  A BibTeX entry for LaTeX users is    @Article{,     title = {A Kenward-Roger Approximation and Parametric Bootstrap Methods for Tests in Linear Mixed Models -- The {R} Package {pbkrtest}},     author = {Ulrich Halekoh and Søren Højsgaard},     journal = {Journal of Statistical Software},     year = {2014},     volume = {59},     number = {9},     pages = {1--30},     url = {https://www.jstatsoft.org/v59/i09/},   }"
"pdftools","3.5.0","To cite package ‘pdftools’ in publications use:    Ooms J (2025). _pdftools: Text Extraction, Rendering and Converting of PDF Documents_. R   package version 3.5.0, <https://CRAN.R-project.org/package=pdftools>.  A BibTeX entry for LaTeX users is    @Manual{,     title = {pdftools: Text Extraction, Rendering and Converting of PDF Documents},     author = {Jeroen Ooms},     year = {2025},     note = {R package version 3.5.0},     url = {https://CRAN.R-project.org/package=pdftools},   }"
"permute","0.9-8","To cite package ‘permute’ in publications use:    Simpson G (2025). _permute: Functions for Generating Restricted Permutations of Data_. R   package version 0.9-8, <https://CRAN.R-project.org/package=permute>.  A BibTeX entry for LaTeX users is    @Manual{,     title = {permute: Functions for Generating Restricted Permutations of Data},     author = {Gavin L. Simpson},     year = {2025},     note = {R package version 0.9-8},     url = {https://CRAN.R-project.org/package=permute},   }"
"phyloseq","1.46.0","To cite phyloseq in publications, or otherwise credit, please use:    phyloseq: An R package for reproducible interactive analysis and graphics of microbiome   census data. Paul J. McMurdie and Susan Holmes (2013) PLoS ONE 8(4):e61217.  A BibTeX entry for LaTeX users is    @Article{,     author = {Paul J. McMurdie and Susan Holmes},     journal = {PLoS ONE},     pages = {e61217},     title = {phyloseq: An R package for reproducible interactive analysis and graphics of microbiome census data},     volume = {8},     number = {4},     year = {2013},     url = {http://dx.plos.org/10.1371/journal.pone.0061217},   }"
"pillar","1.11.0","To cite package ‘pillar’ in publications use:    Müller K, Wickham H (2025). _pillar: Coloured Formatting for Columns_. R package version   1.11.0, <https://CRAN.R-project.org/package=pillar>.  A BibTeX entry for LaTeX users is    @Manual{,     title = {pillar: Coloured Formatting for Columns},     author = {Kirill Müller and Hadley Wickham},     year = {2025},     note = {R package version 1.11.0},     url = {https://CRAN.R-project.org/package=pillar},   }"
"pixmap","0.4-13","To cite package ‘pixmap’ in publications use:    Bivand R, Leisch F, Maechler M (2024). _pixmap: Bitmap Images / Pixel Maps_. R package   version 0.4-13, <https://CRAN.R-project.org/package=pixmap>.  A BibTeX entry for LaTeX users is    @Manual{,     title = {pixmap: Bitmap Images / Pixel Maps},     author = {Roger Bivand and Friedrich Leisch and Martin Maechler},     year = {2024},     note = {R package version 0.4-13},     url = {https://CRAN.R-project.org/package=pixmap},   }"
"pkgconfig","2.0.3","To cite package ‘pkgconfig’ in publications use:    Csárdi G (2019). _pkgconfig: Private Configuration for 'R' Packages_. R package version   2.0.3, <https://CRAN.R-project.org/package=pkgconfig>.  A BibTeX entry for LaTeX users is    @Manual{,     title = {pkgconfig: Private Configuration for 'R' Packages},     author = {Gábor Csárdi},     year = {2019},     note = {R package version 2.0.3},     url = {https://CRAN.R-project.org/package=pkgconfig},   }  ATTENTION: This citation information has been auto-generated from the package DESCRIPTION file and may need manual editing, see ‘help(""citation"")’."
"plyr","1.8.9","To cite package ‘plyr’ in publications use:    Hadley Wickham (2011). The Split-Apply-Combine Strategy for Data Analysis. Journal of   Statistical Software, 40(1), 1-29. URL https://www.jstatsoft.org/v40/i01/.  A BibTeX entry for LaTeX users is    @Article{,     title = {The Split-Apply-Combine Strategy for Data Analysis},     author = {Hadley Wickham},     journal = {Journal of Statistical Software},     year = {2011},     volume = {40},     number = {1},     pages = {1--29},     url = {https://www.jstatsoft.org/v40/i01/},   }"
"png","0.1-9","To cite package ‘png’ in publications use:    Urbanek S (2026). _png: Read and write PNG images_. R package version 0.1-9,   <https://CRAN.R-project.org/package=png>.  A BibTeX entry for LaTeX users is    @Manual{,     title = {png: Read and write PNG images},     author = {Simon Urbanek},     year = {2026},     note = {R package version 0.1-9},     url = {https://CRAN.R-project.org/package=png},   }"
"polyclip","1.10-7","To cite package ‘polyclip’ in publications use:    Johnson A, Baddeley A (2024). _polyclip: Polygon Clipping_. R package version 1.10-7,   https://sourceforge.net/projects/polyclipping, https://github.com/baddstats/polyclip,   <https://www.angusj.com>.  A BibTeX entry for LaTeX users is    @Manual{,     title = {polyclip: Polygon Clipping},     author = {Angus Johnson and Adrian Baddeley},     year = {2024},     note = {R package version 1.10-7,  https://sourceforge.net/projects/polyclipping, https://github.com/baddstats/polyclip},     url = {https://www.angusj.com},   }"
"polynom","1.4-1","To cite in publications use:    Bill Venables and Kurt Hornik and Martin Maechler (2022). polynom: A Collection of Functions   to Implement a Class for Univariate Polynomial Manipulations. R package version 1.4-1.  A BibTeX entry for LaTeX users is    @Manual{,     title = {polynom: A Collection of Functions to Implement a Class for Univariate Polynomial Manipulations},     author = {Bill Venables and Kurt Hornik and Martin Maechler},     year = {2022},     note = {R package version 1.4-1. S original by Bill Venables, packages for R by Kurt Hornik and Martin Maechler.},     url = {https://CRAN.R-project.org/package=polynom},   }"
"prettyunits","1.2.0","To cite package ‘prettyunits’ in publications use:    Csardi G (2023). _prettyunits: Pretty, Human Readable Formatting of Quantities_. R package   version 1.2.0, <https://github.com/r-lib/prettyunits>.  A BibTeX entry for LaTeX users is    @Manual{,     title = {prettyunits: Pretty, Human Readable Formatting of Quantities},     author = {Gabor Csardi},     year = {2023},     note = {R package version 1.2.0},     url = {https://github.com/r-lib/prettyunits},   }"
"processx","3.8.6","To cite package ‘processx’ in publications use:    Csárdi G, Chang W (2025). _processx: Execute and Control System Processes_. R package   version 3.8.6, https://github.com/r-lib/processx, <https://processx.r-lib.org>.  A BibTeX entry for LaTeX users is    @Manual{,     title = {processx: Execute and Control System Processes},     author = {Gábor Csárdi and Winston Chang},     year = {2025},     note = {R package version 3.8.6, https://github.com/r-lib/processx},     url = {https://processx.r-lib.org},   }"
"progress","1.2.3","To cite package ‘progress’ in publications use:    Csárdi G, FitzJohn R (2023). _progress: Terminal Progress Bars_. R package version 1.2.3,   http://r-lib.github.io/progress/, <https://github.com/r-lib/progress#readme>.  A BibTeX entry for LaTeX users is    @Manual{,     title = {progress: Terminal Progress Bars},     author = {Gábor Csárdi and Rich FitzJohn},     year = {2023},     note = {R package version 1.2.3,  http://r-lib.github.io/progress/},     url = {https://github.com/r-lib/progress#readme},   }"
"ps","1.9.1","To cite package ‘ps’ in publications use:    Loden J, Daeschler D, Rodola' G, Csárdi G (2025). _ps: List, Query, Manipulate System   Processes_. R package version 1.9.1, https://ps.r-lib.org/, <https://github.com/r-lib/ps>.  A BibTeX entry for LaTeX users is    @Manual{,     title = {ps: List, Query, Manipulate System Processes},     author = {Jay Loden and Dave Daeschler and Giampaolo Rodola' and Gábor Csárdi},     year = {2025},     note = {R package version 1.9.1, https://ps.r-lib.org/},     url = {https://github.com/r-lib/ps},   }"
"purrr","1.1.0","To cite package ‘purrr’ in publications use:    Wickham H, Henry L (2025). _purrr: Functional Programming Tools_. R package version 1.1.0,   <https://CRAN.R-project.org/package=purrr>.  A BibTeX entry for LaTeX users is    @Manual{,     title = {purrr: Functional Programming Tools},     author = {Hadley Wickham and Lionel Henry},     year = {2025},     note = {R package version 1.1.0},     url = {https://CRAN.R-project.org/package=purrr},   }"
"qpdf","1.4.1","To cite package ‘qpdf’ in publications use:    Ooms J (2025). _qpdf: Split, Combine and Compress PDF Files_. R package version 1.4.1,   <https://CRAN.R-project.org/package=qpdf>.  A BibTeX entry for LaTeX users is    @Manual{,     title = {qpdf: Split, Combine and Compress PDF Files},     author = {Jeroen Ooms},     year = {2025},     note = {R package version 1.4.1},     url = {https://CRAN.R-project.org/package=qpdf},   }"
"quantreg","6.1","To cite package ‘quantreg’ in publications use:    Koenker R (2025). _quantreg: Quantile Regression_. R package version 6.1,   <https://CRAN.R-project.org/package=quantreg>.  A BibTeX entry for LaTeX users is    @Manual{,     title = {quantreg: Quantile Regression},     author = {Roger Koenker},     year = {2025},     note = {R package version 6.1},     url = {https://CRAN.R-project.org/package=quantreg},   }"
"R.methodsS3","1.8.2","Please cite R.oo/R.methodsS3 as    Bengtsson, H. The R.oo package - Object-Oriented Programming with References Using Standard   R Code, Proceedings of the 3rd International Workshop on Distributed Statistical Computing   (DSC 2003), ISSN 1609-395X, Hornik, K.; Leisch, F. & Zeileis, A. (ed.), 2003  A BibTeX entry for LaTeX users is    @InProceedings{,     author = {Henrik Bengtsson},     title = {The {R.oo} package - Object-Oriented Programming with References Using Standard {R} Code},     booktitle = {Proceedings of the 3rd International Workshop on Distributed Statistical Computing (DSC 2003)},     year = {2003},     editor = {Kurt Hornik and Friedrich Leisch and Achim Zeileis},     address = {Vienna, Austria},     month = {March},     issn = {1609-395X},     url = {https://www.r-project.org/conferences/DSC-2003/Proceedings/Bengtsson.pdf},     howpublished = {https://www.r-project.org/conferences/DSC-2003/Proceedings/},   }"
"R.oo","1.27.1","Please cite R.oo/R.methodsS3 as:    Bengtsson, H. The R.oo package - Object-Oriented Programming with References Using Standard   R Code, Proceedings of the 3rd International Workshop on Distributed Statistical Computing   (DSC 2003), ISSN 1609-395X, Hornik, K.; Leisch, F. & Zeileis, A. (ed.), 2003  A BibTeX entry for LaTeX users is    @InProceedings{,     author = {Henrik Bengtsson},     title = {The {R.oo} package - Object-Oriented Programming with References Using Standard {R} Code},     booktitle = {Proceedings of the 3rd International Workshop on Distributed Statistical Computing (DSC 2003)},     year = {2003},     editor = {Kurt Hornik and Friedrich Leisch and Achim Zeileis},     address = {Vienna, Austria},     month = {March},     issn = {1609-395X},     url = {https://www.r-project.org/conferences/DSC-2003/Proceedings/Bengtsson.pdf},     howpublished = {https://www.r-project.org/conferences/DSC-2003/Proceedings/},   }"
"R.utils","2.13.0","To cite package ‘R.utils’ in publications use:    Bengtsson H (2025). _R.utils: Various Programming Utilities_. R package version 2.13.0,   <https://CRAN.R-project.org/package=R.utils>.  A BibTeX entry for LaTeX users is    @Manual{,     title = {R.utils: Various Programming Utilities},     author = {Henrik Bengtsson},     year = {2025},     note = {R package version 2.13.0},     url = {https://CRAN.R-project.org/package=R.utils},   }"
"R6","2.6.1","To cite package ‘R6’ in publications use:    Chang W (2025). _R6: Encapsulated Classes with Reference Semantics_. R package version   2.6.1, https://github.com/r-lib/R6, <https://r6.r-lib.org>.  A BibTeX entry for LaTeX users is    @Manual{,     title = {R6: Encapsulated Classes with Reference Semantics},     author = {Winston Chang},     year = {2025},     note = {R package version 2.6.1, https://github.com/r-lib/R6},     url = {https://r6.r-lib.org},   }"
"ragg","1.4.0","To cite package ‘ragg’ in publications use:    Pedersen T, Shemanarev M (2025). _ragg: Graphic Devices Based on AGG_. R package version   1.4.0, https://github.com/r-lib/ragg, <https://ragg.r-lib.org>.  A BibTeX entry for LaTeX users is    @Manual{,     title = {ragg: Graphic Devices Based on AGG},     author = {Thomas Lin Pedersen and Maxim Shemanarev},     year = {2025},     note = {R package version 1.4.0, https://github.com/r-lib/ragg},     url = {https://ragg.r-lib.org},   }"
"rappdirs","0.3.3","To cite package ‘rappdirs’ in publications use:    Ratnakumar S, Mick T, Davis T (2021). _rappdirs: Application Directories: Determine Where to   Save Data, Caches, and Logs_. R package version 0.3.3, https://github.com/r-lib/rappdirs,   <https://rappdirs.r-lib.org>.  A BibTeX entry for LaTeX users is    @Manual{,     title = {rappdirs: Application Directories: Determine Where to Save Data, Caches, and Logs},     author = {Sridhar Ratnakumar and Trent Mick and Trevor Davis},     year = {2021},     note = {R package version 0.3.3, https://github.com/r-lib/rappdirs},     url = {https://rappdirs.r-lib.org},   }"
"rARPACK","0.11-0","To cite package ‘rARPACK’ in publications use:    Qiu Y, Mei J, details. aotAlSfAf (2016). _rARPACK: Solvers for Large Scale Eigenvalue and   SVD Problems_. R package version 0.11-0, <https://CRAN.R-project.org/package=rARPACK>.  A BibTeX entry for LaTeX users is    @Manual{,     title = {rARPACK: Solvers for Large Scale Eigenvalue and SVD Problems},     author = {Yixuan Qiu and Jiali Mei and authors of the ARPACK library. See file AUTHORS for details.},     year = {2016},     note = {R package version 0.11-0},     url = {https://CRAN.R-project.org/package=rARPACK},   }  ATTENTION: This citation information has been auto-generated from the package DESCRIPTION file and may need manual editing, see ‘help(""citation"")’."
"rbibutils","2.3","To cite package ‘rbibutils’ in publications use:    Boshnakov GN, Putman C (2024). _rbibutils: Read 'Bibtex' Files and Convert Between   Bibliography Formats_. R package version 2.3,   <https://CRAN.R-project.org/package=rbibutils>.  A BibTeX entry for LaTeX users is    @Manual{,     title = {rbibutils: Read 'Bibtex' Files and Convert Between Bibliography Formats},     author = {Georgi N. Boshnakov and Chris Putman},     year = {2024},     note = {R package version 2.3},     url = {https://CRAN.R-project.org/package=rbibutils},   }"
"RColorBrewer","1.1-3","To cite package ‘RColorBrewer’ in publications use:    Neuwirth E (2022). _RColorBrewer: ColorBrewer Palettes_. R package version 1.1-3,   <https://CRAN.R-project.org/package=RColorBrewer>.  A BibTeX entry for LaTeX users is    @Manual{,     title = {RColorBrewer: ColorBrewer Palettes},     author = {Erich Neuwirth},     year = {2022},     note = {R package version 1.1-3},     url = {https://CRAN.R-project.org/package=RColorBrewer},   }"
"Rcpp","1.1.0","To cite package ‘Rcpp’ in publications use:    Eddelbuettel D, Francois R, Allaire J, Ushey K, Kou Q, Russell N, Ucar I, Bates D, Chambers   J (2025). _Rcpp: Seamless R and C++ Integration_. R package version 1.1.0,   <https://CRAN.R-project.org/package=Rcpp>.    Eddelbuettel D, François R (2011). “Rcpp: Seamless R and C++ Integration.” _Journal of   Statistical Software_, *40*(8), 1-18. doi:10.18637/jss.v040.i08   <https://doi.org/10.18637/jss.v040.i08>.    Eddelbuettel D (2013). _Seamless R and C++ Integration with Rcpp_. Springer, New York.   doi:10.1007/978-1-4614-6868-4 <https://doi.org/10.1007/978-1-4614-6868-4>, ISBN   978-1-4614-6867-7.    Eddelbuettel D, Balamuta J (2018). “Extending R with C++: A Brief Introduction to Rcpp.”   _The American Statistician_, *72*(1), 28-36. doi:10.1080/00031305.2017.1375990   <https://doi.org/10.1080/00031305.2017.1375990>.  To see these entries in BibTeX format, use 'print(<citation>, bibtex=TRUE)', 'toBibtex(.)', or set 'options(citation.bibtex.max=999)'."
"RcppArmadillo","14.6.0-1","To cite package ‘RcppArmadillo’ in publications use:    Eddelbuettel D, Sanderson C (2014). “RcppArmadillo: Accelerating R with high-performance C++   linear algebra.” _Computational Statistics and Data Analysis_, *71*, 1054-1063.   doi:10.1016/j.csda.2013.02.005 <https://doi.org/10.1016/j.csda.2013.02.005>.    Eddelbuettel D, Francois R, Bates D, Ni B, Sanderson C (2025). _RcppArmadillo: 'Rcpp'   Integration for the 'Armadillo' Templated Linear Algebra Library_. R package version   14.6.0-1, <https://CRAN.R-project.org/package=RcppArmadillo>.  To see these entries in BibTeX format, use 'print(<citation>, bibtex=TRUE)', 'toBibtex(.)', or set 'options(citation.bibtex.max=999)'."
"RcppEigen","0.3.4.0.2","To cite package ‘RcppEigen’ in publications use:    Bates D, Eddelbuettel D (2013). “Fast and Elegant Numerical Linear Algebra Using the   RcppEigen Package.” _Journal of Statistical Software_, *52*(5), 1-24.   doi:10.18637/jss.v052.i05 <https://doi.org/10.18637/jss.v052.i05>.  A BibTeX entry for LaTeX users is    @Article{,     title = {Fast and Elegant Numerical Linear Algebra Using the {RcppEigen} Package},     author = {Douglas Bates and Dirk Eddelbuettel},     journal = {Journal of Statistical Software},     year = {2013},     volume = {52},     number = {5},     pages = {1--24},     doi = {10.18637/jss.v052.i05},   }"
"RCurl","1.98-1.17","To cite package ‘RCurl’ in publications use:    Temple Lang D (2025). _RCurl: General Network (HTTP/FTP/...) Client Interface for R_. R   package version 1.98-1.17, <https://CRAN.R-project.org/package=RCurl>.  A BibTeX entry for LaTeX users is    @Manual{,     title = {RCurl: General Network (HTTP/FTP/...) Client Interface for R},     author = {Duncan {Temple Lang}},     year = {2025},     note = {R package version 1.98-1.17},     url = {https://CRAN.R-project.org/package=RCurl},   }"
"Rdpack","2.6.4","To cite package ‘Rdpack’ in publications use:    Boshnakov GN (2025). _Rdpack: Update and Manipulate Rd Documentation Objects_. R package   version 2.6.4, <https://CRAN.R-project.org/package=Rdpack>.  A BibTeX entry for LaTeX users is    @Manual{,     title = {Rdpack: Update and Manipulate Rd Documentation Objects},     author = {Georgi N. Boshnakov},     year = {2025},     note = {R package version 2.6.4},     url = {https://CRAN.R-project.org/package=Rdpack},   }"
"readr","2.1.5","To cite package ‘readr’ in publications use:    Wickham H, Hester J, Bryan J (2024). _readr: Read Rectangular Text Data_. R package version   2.1.5, https://github.com/tidyverse/readr, <https://readr.tidyverse.org>.  A BibTeX entry for LaTeX users is    @Manual{,     title = {readr: Read Rectangular Text Data},     author = {Hadley Wickham and Jim Hester and Jennifer Bryan},     year = {2024},     note = {R package version 2.1.5, https://github.com/tidyverse/readr},     url = {https://readr.tidyverse.org},   }"
"readxl","1.4.5","To cite package ‘readxl’ in publications use:    Wickham H, Bryan J (2025). _readxl: Read Excel Files_. R package version 1.4.5,   https://github.com/tidyverse/readxl, <https://readxl.tidyverse.org>.  A BibTeX entry for LaTeX users is    @Manual{,     title = {readxl: Read Excel Files},     author = {Hadley Wickham and Jennifer Bryan},     year = {2025},     note = {R package version 1.4.5, https://github.com/tidyverse/readxl},     url = {https://readxl.tidyverse.org},   }"
"reformulas","0.4.1","To cite package ‘reformulas’ in publications use:    Bolker B (2025). _reformulas: Machinery for Processing Random Effect Formulas_. R package   version 0.4.1, <https://CRAN.R-project.org/package=reformulas>.  A BibTeX entry for LaTeX users is    @Manual{,     title = {reformulas: Machinery for Processing Random Effect Formulas},     author = {Ben Bolker},     year = {2025},     note = {R package version 0.4.1},     url = {https://CRAN.R-project.org/package=reformulas},   }"
"rematch","2.0.0","To cite package ‘rematch’ in publications use:    Csardi G (2023). _rematch: Match Regular Expressions with a Nicer 'API'_. R package version   2.0.0, <https://github.com/gaborcsardi/rematch>.  A BibTeX entry for LaTeX users is    @Manual{,     title = {rematch: Match Regular Expressions with a Nicer 'API'},     author = {Gabor Csardi},     year = {2023},     note = {R package version 2.0.0},     url = {https://github.com/gaborcsardi/rematch},   }  ATTENTION: This citation information has been auto-generated from the package DESCRIPTION file and may need manual editing, see ‘help(""citation"")’."
"rematch2","2.1.2","To cite package ‘rematch2’ in publications use:    Csárdi G (2020). _rematch2: Tidy Output from Regular Expression Matching_. R package version   2.1.2, <https://github.com/r-lib/rematch2#readme>.  A BibTeX entry for LaTeX users is    @Manual{,     title = {rematch2: Tidy Output from Regular Expression Matching},     author = {Gábor Csárdi},     year = {2020},     note = {R package version 2.1.2},     url = {https://github.com/r-lib/rematch2#readme},   }"
"renv","1.1.4","To cite package ‘renv’ in publications use:    Ushey K, Wickham H (2025). _renv: Project Environments_. R package version 1.1.4,   <https://CRAN.R-project.org/package=renv>.  A BibTeX entry for LaTeX users is    @Manual{,     title = {renv: Project Environments},     author = {Kevin Ushey and Hadley Wickham},     year = {2025},     note = {R package version 1.1.4},     url = {https://CRAN.R-project.org/package=renv},   }"
"reprex","2.1.1","To cite package ‘reprex’ in publications use:    Bryan J, Hester J, Robinson D, Wickham H, Dervieux C (2024). _reprex: Prepare Reproducible   Example Code via the Clipboard_. R package version 2.1.1,   https://github.com/tidyverse/reprex, <https://reprex.tidyverse.org>.  A BibTeX entry for LaTeX users is    @Manual{,     title = {reprex: Prepare Reproducible Example Code via the Clipboard},     author = {Jennifer Bryan and Jim Hester and David Robinson and Hadley Wickham and Christophe Dervieux},     year = {2024},     note = {R package version 2.1.1, https://github.com/tidyverse/reprex},     url = {https://reprex.tidyverse.org},   }"
"reshape2","1.4.4","To cite reshape2 in publications use:    Hadley Wickham (2007). Reshaping Data with the reshape Package. Journal of Statistical   Software, 21(12), 1-20. URL http://www.jstatsoft.org/v21/i12/.  A BibTeX entry for LaTeX users is    @Article{,     title = {Reshaping Data with the {reshape} Package},     author = {Hadley Wickham},     journal = {Journal of Statistical Software},     year = {2007},     volume = {21},     number = {12},     pages = {1--20},     url = {http://www.jstatsoft.org/v21/i12/},   }"
"rhdf5","2.46.1","To cite package ‘rhdf5’ in publications use:    Fischer B, Smith M, Pau G (2023). _rhdf5: R Interface to HDF5_. doi:10.18129/B9.bioc.rhdf5   <https://doi.org/10.18129/B9.bioc.rhdf5>, R package version 2.46.1,   <https://bioconductor.org/packages/rhdf5>.  A BibTeX entry for LaTeX users is    @Manual{,     title = {rhdf5: R Interface to HDF5},     author = {Bernd Fischer and Mike Smith and Gregoire Pau},     year = {2023},     note = {R package version 2.46.1},     url = {https://bioconductor.org/packages/rhdf5},     doi = {10.18129/B9.bioc.rhdf5},   }"
"rhdf5filters","1.14.1","To cite package ‘rhdf5filters’ in publications use:    Smith M (2023). _rhdf5filters: HDF5 Compression Filters_. doi:10.18129/B9.bioc.rhdf5filters   <https://doi.org/10.18129/B9.bioc.rhdf5filters>, R package version 1.14.1,   <https://bioconductor.org/packages/rhdf5filters>.  A BibTeX entry for LaTeX users is    @Manual{,     title = {rhdf5filters: HDF5 Compression Filters},     author = {Mike Smith},     year = {2023},     note = {R package version 1.14.1},     url = {https://bioconductor.org/packages/rhdf5filters},     doi = {10.18129/B9.bioc.rhdf5filters},   }"
"Rhdf5lib","1.24.2","To cite package ‘Rhdf5lib’ in publications use:    Smith M (2024). _Rhdf5lib: hdf5 library as an R package_. R package version 1.24.2,   <https://github.com/grimbough/Rhdf5lib>.  A BibTeX entry for LaTeX users is    @Manual{,     title = {Rhdf5lib: hdf5 library as an R package},     author = {Mike Smith},     year = {2024},     note = {R package version 1.24.2},     url = {https://github.com/grimbough/Rhdf5lib},   }"
"rjson","0.2.23","To cite package ‘rjson’ in publications use:    Couture-Beil A (2024). _rjson: JSON for R_. R package version 0.2.23,   <https://CRAN.R-project.org/package=rjson>.  A BibTeX entry for LaTeX users is    @Manual{,     title = {rjson: JSON for R},     author = {Alex Couture-Beil},     year = {2024},     note = {R package version 0.2.23},     url = {https://CRAN.R-project.org/package=rjson},   }"
"rlang","1.1.6","To cite package ‘rlang’ in publications use:    Henry L, Wickham H (2025). _rlang: Functions for Base Types and Core R and 'Tidyverse'   Features_. R package version 1.1.6, https://github.com/r-lib/rlang,   <https://rlang.r-lib.org>.  A BibTeX entry for LaTeX users is    @Manual{,     title = {rlang: Functions for Base Types and Core R and 'Tidyverse' Features},     author = {Lionel Henry and Hadley Wickham},     year = {2025},     note = {R package version 1.1.6, https://github.com/r-lib/rlang},     url = {https://rlang.r-lib.org},   }"
"rmarkdown","2.29","To cite package ‘rmarkdown’ in publications use:    Allaire J, Xie Y, Dervieux C, McPherson J, Luraschi J, Ushey K, Atkins A, Wickham H, Cheng   J, Chang W, Iannone R (2024). _rmarkdown: Dynamic Documents for R_. R package version 2.29,   <https://github.com/rstudio/rmarkdown>.    Xie Y, Allaire J, Grolemund G (2018). _R Markdown: The Definitive Guide_. Chapman and   Hall/CRC, Boca Raton, Florida. ISBN 9781138359338, <https://bookdown.org/yihui/rmarkdown>.    Xie Y, Dervieux C, Riederer E (2020). _R Markdown Cookbook_. Chapman and Hall/CRC, Boca   Raton, Florida. ISBN 9780367563837, <https://bookdown.org/yihui/rmarkdown-cookbook>.  To see these entries in BibTeX format, use 'print(<citation>, bibtex=TRUE)', 'toBibtex(.)', or set 'options(citation.bibtex.max=999)'."
"robustbase","0.99-7","To cite robustbase in publications use:  To cite package ‘robustbase’ in publications use:    Martin Maechler, Peter Rousseeuw, Christophe Croux, Valentin Todorov, Andreas Ruckstuhl,   Matias Salibian-Barrera, Tobias Verbeke, Manuel Koller, c(""Eduardo"", ""L. T."") Conceicao and   Maria Anna di Palma (2026). robustbase: Basic Robust Statistics R package version 0.99-7.   URL http://CRAN.R-project.org/package=robustbase  To cite the multivariate class/methods framework use:    Valentin Todorov, Peter Filzmoser (2009). An Object-Oriented Framework for Robust   Multivariate Analysis. Journal of Statistical Software, 32(3), 1-47. URL   https://www.jstatsoft.org/article/view/v032i03/.  To see these entries in BibTeX format, use 'print(<citation>, bibtex=TRUE)', 'toBibtex(.)', or set 'options(citation.bibtex.max=999)'."
"RSpectra","0.16-2","To cite package ‘RSpectra’ in publications use:    Qiu Y, Mei J (2024). _RSpectra: Solvers for Large-Scale Eigenvalue and SVD Problems_. R   package version 0.16-2, <https://CRAN.R-project.org/package=RSpectra>.  A BibTeX entry for LaTeX users is    @Manual{,     title = {RSpectra: Solvers for Large-Scale Eigenvalue and SVD Problems},     author = {Yixuan Qiu and Jiali Mei},     year = {2024},     note = {R package version 0.16-2},     url = {https://CRAN.R-project.org/package=RSpectra},   }"
"rstatix","0.7.2","To cite package ‘rstatix’ in publications use:    Kassambara A (2023). _rstatix: Pipe-Friendly Framework for Basic Statistical Tests_. R   package version 0.7.2, <https://CRAN.R-project.org/package=rstatix>.  A BibTeX entry for LaTeX users is    @Manual{,     title = {rstatix: Pipe-Friendly Framework for Basic Statistical Tests},     author = {Alboukadel Kassambara},     year = {2023},     note = {R package version 0.7.2},     url = {https://CRAN.R-project.org/package=rstatix},   }"
"rstudioapi","0.17.1","To cite package ‘rstudioapi’ in publications use:    Ushey K, Allaire J, Wickham H, Ritchie G (2024). _rstudioapi: Safely Access the RStudio   API_. R package version 0.17.1, https://github.com/rstudio/rstudioapi,   <https://rstudio.github.io/rstudioapi/>.  A BibTeX entry for LaTeX users is    @Manual{,     title = {rstudioapi: Safely Access the RStudio API},     author = {Kevin Ushey and JJ Allaire and Hadley Wickham and Gary Ritchie},     year = {2024},     note = {R package version 0.17.1,  https://github.com/rstudio/rstudioapi},     url = {https://rstudio.github.io/rstudioapi/},   }"
"Rtsne","0.17","To cite package ‘Rtsne’ in publications use:    Jesse H. Krijthe (2015). Rtsne: T-Distributed Stochastic Neighbor Embedding using a   Barnes-Hut Implementation, URL: https://github.com/jkrijthe/Rtsne    L.J.P. van der Maaten and G.E. Hinton. Visualizing High-Dimensional Data Using t-SNE.   Journal of Machine Learning Research 9(Nov):2579-2605, 2008.    L.J.P. van der Maaten. Accelerating t-SNE using Tree-Based Algorithms. Journal of Machine   Learning Research 15(Oct):3221-3245, 2014.  To see these entries in BibTeX format, use 'print(<citation>, bibtex=TRUE)', 'toBibtex(.)', or set 'options(citation.bibtex.max=999)'."
"rvest","1.0.4","To cite package ‘rvest’ in publications use:    Wickham H (2024). _rvest: Easily Harvest (Scrape) Web Pages_. R package version 1.0.4,   https://github.com/tidyverse/rvest, <https://rvest.tidyverse.org/>.  A BibTeX entry for LaTeX users is    @Manual{,     title = {rvest: Easily Harvest (Scrape) Web Pages},     author = {Hadley Wickham},     year = {2024},     note = {R package version 1.0.4, https://github.com/tidyverse/rvest},     url = {https://rvest.tidyverse.org/},   }"
"S4Arrays","1.2.1","To cite package ‘S4Arrays’ in publications use:    Pagès H (2024). _S4Arrays: Foundation of array-like containers in Bioconductor_. R package   version 1.2.1, <https://bioconductor.org/packages/S4Arrays>.  A BibTeX entry for LaTeX users is    @Manual{,     title = {S4Arrays: Foundation of array-like containers in Bioconductor},     author = {Hervé Pagès},     year = {2024},     note = {R package version 1.2.1},     url = {https://bioconductor.org/packages/S4Arrays},   }"
"S4Vectors","0.40.2","To cite package ‘S4Vectors’ in publications use:    Pagès H, Lawrence M, Aboyoun P (2023). _S4Vectors: Foundation of vector-like and list-like   containers in Bioconductor_. doi:10.18129/B9.bioc.S4Vectors   <https://doi.org/10.18129/B9.bioc.S4Vectors>, R package version 0.40.2,   <https://bioconductor.org/packages/S4Vectors>.  A BibTeX entry for LaTeX users is    @Manual{,     title = {S4Vectors: Foundation of vector-like and list-like containers in Bioconductor},     author = {Hervé Pagès and Michael Lawrence and Patrick Aboyoun},     year = {2023},     note = {R package version 0.40.2},     url = {https://bioconductor.org/packages/S4Vectors},     doi = {10.18129/B9.bioc.S4Vectors},   }"
"sass","0.4.10","To cite package ‘sass’ in publications use:    Cheng J, Mastny T, Iannone R, Schloerke B, Sievert C (2025). _sass: Syntactically Awesome   Style Sheets ('Sass')_. R package version 0.4.10, https://github.com/rstudio/sass,   <https://rstudio.github.io/sass/>.  A BibTeX entry for LaTeX users is    @Manual{,     title = {sass: Syntactically Awesome Style Sheets ('Sass')},     author = {Joe Cheng and Timothy Mastny and Richard Iannone and Barret Schloerke and Carson Sievert},     year = {2025},     note = {R package version 0.4.10, https://github.com/rstudio/sass},     url = {https://rstudio.github.io/sass/},   }"
"scales","1.4.0","To cite package ‘scales’ in publications use:    Wickham H, Pedersen T, Seidel D (2025). _scales: Scale Functions for Visualization_. R   package version 1.4.0, <https://CRAN.R-project.org/package=scales>.  A BibTeX entry for LaTeX users is    @Manual{,     title = {scales: Scale Functions for Visualization},     author = {Hadley Wickham and Thomas Lin Pedersen and Dana Seidel},     year = {2025},     note = {R package version 1.4.0},     url = {https://CRAN.R-project.org/package=scales},   }"
"selectr","0.4-2","To cite package ‘selectr’ in publications use:    Potter S (2012). “Introducing the selectr Package.” The University of Auckland, Auckland,   New Zealand.   <http://stattech.wordpress.fos.auckland.ac.nz/2012-10-introducing-the-selectr-package/>.  A BibTeX entry for LaTeX users is    @TechReport{,     title = {Introducing the selectr Package},     author = {Simon Potter},     institution = {The University of Auckland},     address = {Auckland, New Zealand},     year = {2012},     url = {http://stattech.wordpress.fos.auckland.ac.nz/2012-10-introducing-the-selectr-package/},   }"
"shape","1.4.6.1","To cite package ‘shape’ in publications use:    Soetaert K (2024). _shape: Functions for Plotting Graphical Shapes, Colors_. R package   version 1.4.6.1.  A BibTeX entry for LaTeX users is    @Manual{,     title = {shape: Functions for Plotting Graphical Shapes, Colors},     author = {Karline Soetaert},     year = {2024},     note = {R package version 1.4.6.1},   }  ATTENTION: This citation information has been auto-generated from the package DESCRIPTION file and may need manual editing, see ‘help(""citation"")’."
"snow","0.4-4","To cite package ‘snow’ in publications use:    Tierney L, Rossini AJ, Li N, Sevcikova H (2021). _snow: Simple Network of Workstations_. R   package version 0.4-4, <https://CRAN.R-project.org/package=snow>.  A BibTeX entry for LaTeX users is    @Manual{,     title = {snow: Simple Network of Workstations},     author = {Luke Tierney and A. J. Rossini and Na Li and H. Sevcikova},     year = {2021},     note = {R package version 0.4-4},     url = {https://CRAN.R-project.org/package=snow},   }  ATTENTION: This citation information has been auto-generated from the package DESCRIPTION file and may need manual editing, see ‘help(""citation"")’."
"sp","2.2-0","To cite package sp in publications use:    Pebesma E, Bivand R (2005). “Classes and methods for spatial data in R.” _R News_, *5*(2),   9-13. <https://CRAN.R-project.org/doc/Rnews/>.    Bivand R, Pebesma E, Gomez-Rubio V (2013). _Applied spatial data analysis with R, Second   edition_. Springer, NY. <https://asdar-book.org/>.  To see these entries in BibTeX format, use 'print(<citation>, bibtex=TRUE)', 'toBibtex(.)', or set 'options(citation.bibtex.max=999)'."
"SparseArray","1.2.4","To cite package ‘SparseArray’ in publications use:    Pagès H (2024). _SparseArray: Efficient in-memory representation of multidimensional sparse   arrays_. R package version 1.2.4, <https://bioconductor.org/packages/SparseArray>.  A BibTeX entry for LaTeX users is    @Manual{,     title = {SparseArray: Efficient in-memory representation of multidimensional sparse arrays},     author = {Hervé Pagès},     year = {2024},     note = {R package version 1.2.4},     url = {https://bioconductor.org/packages/SparseArray},   }"
"SparseM","1.84-2","To cite package ‘SparseM’ in publications use:    Koenker R (2024). _SparseM: Sparse Linear Algebra_. R package version 1.84-2,   <https://CRAN.R-project.org/package=SparseM>.  A BibTeX entry for LaTeX users is    @Manual{,     title = {SparseM: Sparse Linear Algebra},     author = {Roger Koenker},     year = {2024},     note = {R package version 1.84-2},     url = {https://CRAN.R-project.org/package=SparseM},   }"
"stringi","1.8.7","To cite stringi in publications, use:    Gagolewski M (2022). “stringi: Fast and portable character string processing in R.” _Journal   of Statistical Software_, *103*(2), 1-59. doi:10.18637/jss.v103.i02   <https://doi.org/10.18637/jss.v103.i02>.  A BibTeX entry for LaTeX users is    @Article{,     title = {{stringi}: {F}ast and portable character string processing in {R}},     author = {Marek Gagolewski},     journal = {Journal of Statistical Software},     year = {2022},     volume = {103},     number = {2},     pages = {1--59},     doi = {10.18637/jss.v103.i02},   }"
"stringr","1.5.1","To cite package ‘stringr’ in publications use:    Wickham H (2023). _stringr: Simple, Consistent Wrappers for Common String Operations_. R   package version 1.5.1, https://github.com/tidyverse/stringr,   <https://stringr.tidyverse.org>.  A BibTeX entry for LaTeX users is    @Manual{,     title = {stringr: Simple, Consistent Wrappers for Common String Operations},     author = {Hadley Wickham},     year = {2023},     note = {R package version 1.5.1,  https://github.com/tidyverse/stringr},     url = {https://stringr.tidyverse.org},   }"
"SummarizedExperiment","1.32.0","To cite package ‘SummarizedExperiment’ in publications use:    Morgan M, Obenchain V, Hester J, Pagès H (2023). _SummarizedExperiment: SummarizedExperiment   container_. doi:10.18129/B9.bioc.SummarizedExperiment   <https://doi.org/10.18129/B9.bioc.SummarizedExperiment>, R package version 1.32.0,   <https://bioconductor.org/packages/SummarizedExperiment>.  A BibTeX entry for LaTeX users is    @Manual{,     title = {SummarizedExperiment: SummarizedExperiment container},     author = {Martin Morgan and Valerie Obenchain and Jim Hester and Hervé Pagès},     year = {2023},     note = {R package version 1.32.0},     url = {https://bioconductor.org/packages/SummarizedExperiment},     doi = {10.18129/B9.bioc.SummarizedExperiment},   }"
"sys","3.4.3","To cite package ‘sys’ in publications use:    Ooms J (2024). _sys: Powerful and Reliable Tools for Running System Commands in R_. R   package version 3.4.3, <https://jeroen.r-universe.dev/sys>.  A BibTeX entry for LaTeX users is    @Manual{,     title = {sys: Powerful and Reliable Tools for Running System Commands in R},     author = {Jeroen Ooms},     year = {2024},     note = {R package version 3.4.3},     url = {https://jeroen.r-universe.dev/sys},   }"
"systemfonts","1.2.3","To cite package ‘systemfonts’ in publications use:    Pedersen T, Ooms J, Govett D (2025). _systemfonts: System Native Font Finding_. R package   version 1.2.3, https://systemfonts.r-lib.org, <https://github.com/r-lib/systemfonts>.  A BibTeX entry for LaTeX users is    @Manual{,     title = {systemfonts: System Native Font Finding},     author = {Thomas Lin Pedersen and Jeroen Ooms and Devon Govett},     year = {2025},     note = {R package version 1.2.3,  https://systemfonts.r-lib.org},     url = {https://github.com/r-lib/systemfonts},   }"
"tensorA","0.36.2.1","To cite package ‘tensorA’ in publications use:    van den Boogaart KG (2023). _tensorA: Advanced Tensor Arithmetic with Named Indices_. R   package version 0.36.2.1, <https://CRAN.R-project.org/package=tensorA>.  A BibTeX entry for LaTeX users is    @Manual{,     title = {tensorA: Advanced Tensor Arithmetic with Named Indices},     author = {K. Gerald {van den Boogaart}},     year = {2023},     note = {R package version 0.36.2.1},     url = {https://CRAN.R-project.org/package=tensorA},   }  ATTENTION: This citation information has been auto-generated from the package DESCRIPTION file and may need manual editing, see ‘help(""citation"")’."
"textshaping","1.0.1","To cite package ‘textshaping’ in publications use:    Pedersen T (2025). _textshaping: Bindings to the 'HarfBuzz' and 'Fribidi' Libraries for Text   Shaping_. R package version 1.0.1, <https://github.com/r-lib/textshaping>.  A BibTeX entry for LaTeX users is    @Manual{,     title = {textshaping: Bindings to the 'HarfBuzz' and 'Fribidi' Libraries for Text Shaping},     author = {Thomas Lin Pedersen},     year = {2025},     note = {R package version 1.0.1},     url = {https://github.com/r-lib/textshaping},   }"
"tibble","3.3.0","To cite package ‘tibble’ in publications use:    Müller K, Wickham H (2025). _tibble: Simple Data Frames_. R package version 3.3.0,   <https://CRAN.R-project.org/package=tibble>.  A BibTeX entry for LaTeX users is    @Manual{,     title = {tibble: Simple Data Frames},     author = {Kirill Müller and Hadley Wickham},     year = {2025},     note = {R package version 3.3.0},     url = {https://CRAN.R-project.org/package=tibble},   }"
"tidyr","1.3.1","To cite package ‘tidyr’ in publications use:    Wickham H, Vaughan D, Girlich M (2024). _tidyr: Tidy Messy Data_. R package version 1.3.1,   https://github.com/tidyverse/tidyr, <https://tidyr.tidyverse.org>.  A BibTeX entry for LaTeX users is    @Manual{,     title = {tidyr: Tidy Messy Data},     author = {Hadley Wickham and Davis Vaughan and Maximilian Girlich},     year = {2024},     note = {R package version 1.3.1, https://github.com/tidyverse/tidyr},     url = {https://tidyr.tidyverse.org},   }"
"tidyselect","1.2.1","To cite package ‘tidyselect’ in publications use:    Henry L, Wickham H (2024). _tidyselect: Select from a Set of Strings_. R package version   1.2.1, https://github.com/r-lib/tidyselect, <https://tidyselect.r-lib.org>.  A BibTeX entry for LaTeX users is    @Manual{,     title = {tidyselect: Select from a Set of Strings},     author = {Lionel Henry and Hadley Wickham},     year = {2024},     note = {R package version 1.2.1, https://github.com/r-lib/tidyselect},     url = {https://tidyselect.r-lib.org},   }"
"tidyverse","2.0.0","To cite package ‘tidyverse’ in publications use:    Wickham H, Averick M, Bryan J, Chang W, McGowan LD, François R, Grolemund G, Hayes A, Henry   L, Hester J, Kuhn M, Pedersen TL, Miller E, Bache SM, Müller K, Ooms J, Robinson D, Seidel   DP, Spinu V, Takahashi K, Vaughan D, Wilke C, Woo K, Yutani H (2019). “Welcome to the   tidyverse.” _Journal of Open Source Software_, *4*(43), 1686. doi:10.21105/joss.01686   <https://doi.org/10.21105/joss.01686>.  A BibTeX entry for LaTeX users is    @Article{,     title = {Welcome to the {tidyverse}},     author = {Hadley Wickham and Mara Averick and Jennifer Bryan and Winston Chang and Lucy D'Agostino McGowan and Romain François and Garrett Grolemund and Alex Hayes and Lionel Henry and Jim Hester and Max Kuhn and Thomas Lin Pedersen and Evan Miller and Stephan Milton Bache and Kirill Müller and Jeroen Ooms and David Robinson and Dana Paige Seidel and Vitalie Spinu and Kohske Takahashi and Davis Vaughan and Claus Wilke and Kara Woo and Hiroaki Yutani},     year = {2019},     journal = {Journal of Open Source Software},     volume = {4},     number = {43},     pages = {1686},     doi = {10.21105/joss.01686},   }"
"timechange","0.3.0","To cite package ‘timechange’ in publications use:    Spinu V (2024). _timechange: Efficient Manipulation of Date-Times_. R package version 0.3.0,   <https://github.com/vspinu/timechange/>.  A BibTeX entry for LaTeX users is    @Manual{,     title = {timechange: Efficient Manipulation of Date-Times},     author = {Vitalie Spinu},     year = {2024},     note = {R package version 0.3.0},     url = {https://github.com/vspinu/timechange/},   }"
"tinytex","0.57","To cite package ‘tinytex’ in publications use:    Xie Y (2025). _tinytex: Helper Functions to Install and Maintain TeX Live, and Compile LaTeX   Documents_. R package version 0.57, <https://github.com/rstudio/tinytex>.    Xie Y (2019). “TinyTeX: A lightweight, cross-platform, and easy-to-maintain LaTeX   distribution based on TeX Live.” _TUGboat_, *40*(1), 30-32.   <https://tug.org/TUGboat/Contents/contents40-1.html>.  To see these entries in BibTeX format, use 'print(<citation>, bibtex=TRUE)', 'toBibtex(.)', or set 'options(citation.bibtex.max=999)'."
"tweenr","2.0.3","To cite package ‘tweenr’ in publications use:    Pedersen T (2024). _tweenr: Interpolate Data for Smooth Animations_. R package version   2.0.3, <https://github.com/thomasp85/tweenr>.  A BibTeX entry for LaTeX users is    @Manual{,     title = {tweenr: Interpolate Data for Smooth Animations},     author = {Thomas Lin Pedersen},     year = {2024},     note = {R package version 2.0.3},     url = {https://github.com/thomasp85/tweenr},   }"
"tzdb","0.5.0","To cite package ‘tzdb’ in publications use:    Vaughan D (2025). _tzdb: Time Zone Database Information_. R package version 0.5.0,   https://github.com/r-lib/tzdb, <https://tzdb.r-lib.org>.  A BibTeX entry for LaTeX users is    @Manual{,     title = {tzdb: Time Zone Database Information},     author = {Davis Vaughan},     year = {2025},     note = {R package version 0.5.0, https://github.com/r-lib/tzdb},     url = {https://tzdb.r-lib.org},   }"
"utf8","1.2.6","To cite package ‘utf8’ in publications use:    Perry PO (2025). _utf8: Unicode Text Processing_. R package version 1.2.6,   <https://CRAN.R-project.org/package=utf8>.  A BibTeX entry for LaTeX users is    @Manual{,     title = {utf8: Unicode Text Processing},     author = {Patrick O. Perry},     year = {2025},     note = {R package version 1.2.6},     url = {https://CRAN.R-project.org/package=utf8},   }"
"uuid","1.2-1","To cite package ‘uuid’ in publications use:    Urbanek S, Ts'o T (2024). _uuid: Tools for Generating and Handling of UUIDs_. R package   version 1.2-1, <https://www.rforge.net/uuid>.  A BibTeX entry for LaTeX users is    @Manual{,     title = {uuid: Tools for Generating and Handling of UUIDs},     author = {Simon Urbanek and Theodore Ts'o},     year = {2024},     note = {R package version 1.2-1},     url = {https://www.rforge.net/uuid},   }"
"vctrs","0.6.5","To cite package ‘vctrs’ in publications use:    Wickham H, Henry L, Vaughan D (2023). _vctrs: Vector Helpers_. R package version 0.6.5,   https://github.com/r-lib/vctrs, <https://vctrs.r-lib.org/>.  A BibTeX entry for LaTeX users is    @Manual{,     title = {vctrs: Vector Helpers},     author = {Hadley Wickham and Lionel Henry and Davis Vaughan},     year = {2023},     note = {R package version 0.6.5, https://github.com/r-lib/vctrs},     url = {https://vctrs.r-lib.org/},   }"
"vegan","2.7-1","To cite package ‘vegan’ in publications use:    Oksanen J, Simpson G, Blanchet F, Kindt R, Legendre P, Minchin P, O'Hara R, Solymos P,   Stevens M, Szoecs E, Wagner H, Barbour M, Bedward M, Bolker B, Borcard D, Borman T, Carvalho   G, Chirico M, De Caceres M, Durand S, Evangelista H, FitzJohn R, Friendly M, Furneaux B,   Hannigan G, Hill M, Lahti L, Martino C, McGlinn D, Ouellette M, Ribeiro Cunha E, Smith T,   Stier A, Ter Braak C, Weedon J (2025). _vegan: Community Ecology Package_. R package version   2.7-1, <https://CRAN.R-project.org/package=vegan>.  A BibTeX entry for LaTeX users is    @Manual{,     title = {vegan: Community Ecology Package},     author = {Jari Oksanen and Gavin L. Simpson and F. Guillaume Blanchet and Roeland Kindt and Pierre Legendre and Peter R. Minchin and R.B. O'Hara and Peter Solymos and M. Henry H. Stevens and Eduard Szoecs and Helene Wagner and Matt Barbour and Michael Bedward and Ben Bolker and Daniel Borcard and Tuomas Borman and Gustavo Carvalho and Michael Chirico and Miquel {De Caceres} and Sebastien Durand and Heloisa Beatriz Antoniazi Evangelista and Rich FitzJohn and Michael Friendly and Brendan Furneaux and Geoffrey Hannigan and Mark O. Hill and Leo Lahti and Cameron Martino and Dan McGlinn and Marie-Helene Ouellette and Eduardo {Ribeiro Cunha} and Tyler Smith and Adrian Stier and Cajo J.F. {Ter Braak} and James Weedon},     year = {2025},     note = {R package version 2.7-1},     url = {https://CRAN.R-project.org/package=vegan},   }"
"vipor","0.4.7","To cite package ‘vipor’ in publications use:    Sherrill-Mix S, Clarke E (2023). _vipor: Plot Categorical Data Using Quasirandom Noise and   Density Estimates_. R package version 0.4.7, <https://CRAN.R-project.org/package=vipor>.  A BibTeX entry for LaTeX users is    @Manual{,     title = {vipor: Plot Categorical Data Using Quasirandom Noise and Density Estimates},     author = {Scott Sherrill-Mix and Erik Clarke},     year = {2023},     note = {R package version 0.4.7},     url = {https://CRAN.R-project.org/package=vipor},   }  ATTENTION: This citation information has been auto-generated from the package DESCRIPTION file and may need manual editing, see ‘help(""citation"")’."
"viridis","0.6.5","To cite viridis/viridisLite in publications use:    Simon Garnier, Noam Ross, Robert Rudis, Antônio P. Camargo, Marco Sciaini, and Cédric   Scherer (2024). viridis(Lite) - Colorblind-Friendly Color Maps for R. viridis package   version 0.6.5.  A BibTeX entry for LaTeX users is    @Manual{,     title = {{viridis(Lite)} - Colorblind-Friendly Color Maps for R},     author = {{Garnier} and {Simon} and {Ross} and {Noam} and {Rudis} and {Robert} and {Camargo} and Antônio Pedro and {Sciaini} and {Marco} and {Scherer} and {Cédric}},     year = {2024},     note = {viridis package version 0.6.5},     url = {https://sjmgarnier.github.io/viridis/},     doi = {10.5281/zenodo.4679423},   }"
"viridisLite","0.4.2","To cite viridis/viridisLite in publications use:    Simon Garnier, Noam Ross, Robert Rudis, Antônio P. Camargo, Marco Sciaini, and Cédric   Scherer (2023). viridis(Lite) - Colorblind-Friendly Color Maps for R. viridisLite package   version 0.4.2.  A BibTeX entry for LaTeX users is    @Manual{,     title = {{viridis(Lite)} - Colorblind-Friendly Color Maps for R},     author = {{Garnier} and {Simon} and {Ross} and {Noam} and {Rudis} and {Robert} and {Camargo} and Antônio Pedro and {Sciaini} and {Marco} and {Scherer} and {Cédric}},     year = {2023},     note = {viridisLite package version 0.4.2},     url = {https://sjmgarnier.github.io/viridis/},     doi = {10.5281/zenodo.4678327},   }"
"vroom","1.7.0","To cite package ‘vroom’ in publications use:    Hester J, Wickham H, Bryan J (2026). _vroom: Read and Write Rectangular Text Data Quickly_.   R package version 1.7.0, <https://CRAN.R-project.org/package=vroom>.  A BibTeX entry for LaTeX users is    @Manual{,     title = {vroom: Read and Write Rectangular Text Data Quickly},     author = {Jim Hester and Hadley Wickham and Jennifer Bryan},     year = {2026},     note = {R package version 1.7.0},     url = {https://CRAN.R-project.org/package=vroom},   }"
"withr","3.0.2","To cite package ‘withr’ in publications use:    Hester J, Henry L, Müller K, Ushey K, Wickham H, Chang W (2024). _withr: Run Code 'With'   Temporarily Modified Global State_. R package version 3.0.2,   <https://CRAN.R-project.org/package=withr>.  A BibTeX entry for LaTeX users is    @Manual{,     title = {withr: Run Code 'With' Temporarily Modified Global State},     author = {Jim Hester and Lionel Henry and Kirill Müller and Kevin Ushey and Hadley Wickham and Winston Chang},     year = {2024},     note = {R package version 3.0.2},     url = {https://CRAN.R-project.org/package=withr},   }"
"xfun","0.52","To cite package ‘xfun’ in publications use:    Xie Y (2025). _xfun: Supporting Functions for Packages Maintained by 'Yihui Xie'_. R package   version 0.52, <https://github.com/yihui/xfun>.  A BibTeX entry for LaTeX users is    @Manual{,     title = {xfun: Supporting Functions for Packages Maintained by 'Yihui Xie'},     author = {Yihui Xie},     year = {2025},     note = {R package version 0.52},     url = {https://github.com/yihui/xfun},   }"
"xml2","1.3.8","To cite package ‘xml2’ in publications use:    Wickham H, Hester J, Ooms J (2025). _xml2: Parse XML_. R package version 1.3.8,   https://r-lib.r-universe.dev/xml2, <https://xml2.r-lib.org>.  A BibTeX entry for LaTeX users is    @Manual{,     title = {xml2: Parse XML},     author = {Hadley Wickham and Jim Hester and Jeroen Ooms},     year = {2025},     note = {R package version 1.3.8, https://r-lib.r-universe.dev/xml2},     url = {https://xml2.r-lib.org},   }"
"XVector","0.42.0","To cite package ‘XVector’ in publications use:    Pagès H, Aboyoun P (2023). _XVector: Foundation of external vector representation and   manipulation in Bioconductor_. doi:10.18129/B9.bioc.XVector   <https://doi.org/10.18129/B9.bioc.XVector>, R package version 0.42.0,   <https://bioconductor.org/packages/XVector>.  A BibTeX entry for LaTeX users is    @Manual{,     title = {XVector: Foundation of external vector representation and manipulation in Bioconductor},     author = {Hervé Pagès and Patrick Aboyoun},     year = {2023},     note = {R package version 0.42.0},     url = {https://bioconductor.org/packages/XVector},     doi = {10.18129/B9.bioc.XVector},   }  ATTENTION: This citation information has been auto-generated from the package DESCRIPTION file and may need manual editing, see ‘help(""citation"")’."
"yaml","2.3.10","To cite package ‘yaml’ in publications use:    Garbett SP, Stephens J, Simonov K, Xie Y, Dong Z, Wickham H, Horner J, reikoch, Beasley W,   O'Connor B, Warnes GR, Quinn M, Kamvar ZN, Gao C (2024). _yaml: Methods to Convert R Data to   YAML and Back_. R package version 2.3.10, <https://github.com/vubiostat/r-yaml/>.  A BibTeX entry for LaTeX users is    @Manual{,     title = {yaml: Methods to Convert R Data to YAML and Back},     author = {Shawn P Garbett and Jeremy Stephens and Kirill Simonov and Yihui Xie and Zhuoer Dong and Hadley Wickham and Jeffrey Horner and {reikoch} and Will Beasley and Brendan O'Connor and Gregory R. Warnes and Michael Quinn and Zhian N. Kamvar and Charlie Gao},     year = {2024},     note = {R package version 2.3.10},     url = {https://github.com/vubiostat/r-yaml/},   }  ATTENTION: This citation information has been auto-generated from the package DESCRIPTION file and may need manual editing, see ‘help(""citation"")’."
"zlibbioc","1.48.2","To cite package ‘zlibbioc’ in publications use:    Morgan M (2024). _zlibbioc: An R packaged zlib-1.2.5_. R package version 1.48.2,   <https://bioconductor.org/packages/zlibbioc>.  A BibTeX entry for LaTeX users is    @Manual{,     title = {zlibbioc: An R packaged zlib-1.2.5},     author = {Martin Morgan},     year = {2024},     note = {R package version 1.48.2},     url = {https://bioconductor.org/packages/zlibbioc},   }  ATTENTION: This citation information has been auto-generated from the package DESCRIPTION file and may need manual editing, see ‘help(""citation"")’."
"base","4.3.3","To cite R in publications use:    R Core Team (2024). _R: A Language and Environment for Statistical Computing_. R Foundation   for Statistical Computing, Vienna, Austria. <https://www.R-project.org/>.  A BibTeX entry for LaTeX users is    @Manual{,     title = {R: A Language and Environment for Statistical Computing},     author = {{R Core Team}},     organization = {R Foundation for Statistical Computing},     address = {Vienna, Austria},     year = {2024},     url = {https://www.R-project.org/},   }  We have invested a lot of time and effort in creating R, please cite it when using it for data analysis. See also ‘citation(""pkgname"")’ for citing R packages."
"boot","1.3-29","To cite the 'boot' package in publications use:    Angelo Canty and Brian Ripley (2024). boot: Bootstrap R (S-Plus) Functions. R package   version 1.3-29.    Davison, A. C. & Hinkley, D. V. (1997) Bootstrap Methods and Their Applications. Cambridge   University Press, Cambridge. ISBN 0-521-57391-2  To see these entries in BibTeX format, use 'print(<citation>, bibtex=TRUE)', 'toBibtex(.)', or set 'options(citation.bibtex.max=999)'."
"class","7.3-22","To cite the class package in publications use:    Venables, W. N. & Ripley, B. D. (2002) Modern Applied Statistics with S. Fourth Edition.   Springer, New York. ISBN 0-387-95457-0  A BibTeX entry for LaTeX users is    @Book{,     title = {Modern Applied Statistics with S},     author = {W. N. Venables and B. D. Ripley},     publisher = {Springer},     edition = {Fourth},     address = {New York},     year = {2002},     note = {ISBN 0-387-95457-0},     url = {https://www.stats.ox.ac.uk/pub/MASS4/},   }"
"cluster","2.1.6","To cite the R package cluster in publications use:    Maechler, M., Rousseeuw, P., Struyf, A., Hubert, M., Hornik, K.(2023).  cluster: Cluster   Analysis Basics and Extensions. R package version 2.1.6.  A BibTeX entry for LaTeX users is    @Manual{,     title = {cluster: Cluster Analysis Basics and Extensions},     author = {Martin Maechler and Peter Rousseeuw and Anja Struyf and Mia Hubert and Kurt Hornik},     year = {2023},     url = {https://CRAN.R-project.org/package=cluster},     note = {R package version 2.1.6 --- For new features, see the 'NEWS' and the 'Changelog' file in the package source)},   }"
"codetools","0.2-19","To cite package ‘codetools’ in publications use:    Tierney L (2023). _codetools: Code Analysis Tools for R_. R package version 0.2-19,   <https://CRAN.R-project.org/package=codetools>.  A BibTeX entry for LaTeX users is    @Manual{,     title = {codetools: Code Analysis Tools for R},     author = {Luke Tierney},     year = {2023},     note = {R package version 0.2-19},     url = {https://CRAN.R-project.org/package=codetools},   }  ATTENTION: This citation information has been auto-generated from the package DESCRIPTION file and may need manual editing, see ‘help(""citation"")’."
"compiler","4.3.3","The ‘compiler’ package is part of R.  To cite R in publications use:    R Core Team (2024). _R: A Language and Environment for Statistical Computing_. R Foundation   for Statistical Computing, Vienna, Austria. <https://www.R-project.org/>.  A BibTeX entry for LaTeX users is    @Manual{,     title = {R: A Language and Environment for Statistical Computing},     author = {{R Core Team}},     organization = {R Foundation for Statistical Computing},     address = {Vienna, Austria},     year = {2024},     url = {https://www.R-project.org/},   }  We have invested a lot of time and effort in creating R, please cite it when using it for data analysis. See also ‘citation(""pkgname"")’ for citing R packages."
"datasets","4.3.3","The ‘datasets’ package is part of R.  To cite R in publications use:    R Core Team (2024). _R: A Language and Environment for Statistical Computing_. R Foundation   for Statistical Computing, Vienna, Austria. <https://www.R-project.org/>.  A BibTeX entry for LaTeX users is    @Manual{,     title = {R: A Language and Environment for Statistical Computing},     author = {{R Core Team}},     organization = {R Foundation for Statistical Computing},     address = {Vienna, Austria},     year = {2024},     url = {https://www.R-project.org/},   }  We have invested a lot of time and effort in creating R, please cite it when using it for data analysis. See also ‘citation(""pkgname"")’ for citing R packages."
"foreign","0.8-86","To cite package ‘foreign’ in publications use:    R Core Team (2023). _foreign: Read Data Stored by 'Minitab', 'S', 'SAS', 'SPSS', 'Stata',   'Systat', 'Weka', 'dBase', ..._. R package version 0.8-86,   <https://CRAN.R-project.org/package=foreign>.  A BibTeX entry for LaTeX users is    @Manual{,     title = {foreign: Read Data Stored by 'Minitab', 'S', 'SAS', 'SPSS', 'Stata', 'Systat', 'Weka', 'dBase', ...},     author = {{R Core Team}},     year = {2023},     note = {R package version 0.8-86},     url = {https://CRAN.R-project.org/package=foreign},   }"
"graphics","4.3.3","The ‘graphics’ package is part of R.  To cite R in publications use:    R Core Team (2024). _R: A Language and Environment for Statistical Computing_. R Foundation   for Statistical Computing, Vienna, Austria. <https://www.R-project.org/>.  A BibTeX entry for LaTeX users is    @Manual{,     title = {R: A Language and Environment for Statistical Computing},     author = {{R Core Team}},     organization = {R Foundation for Statistical Computing},     address = {Vienna, Austria},     year = {2024},     url = {https://www.R-project.org/},   }  We have invested a lot of time and effort in creating R, please cite it when using it for data analysis. See also ‘citation(""pkgname"")’ for citing R packages."
"grDevices","4.3.3","The ‘grDevices’ package is part of R.  To cite R in publications use:    R Core Team (2024). _R: A Language and Environment for Statistical Computing_. R Foundation   for Statistical Computing, Vienna, Austria. <https://www.R-project.org/>.  A BibTeX entry for LaTeX users is    @Manual{,     title = {R: A Language and Environment for Statistical Computing},     author = {{R Core Team}},     organization = {R Foundation for Statistical Computing},     address = {Vienna, Austria},     year = {2024},     url = {https://www.R-project.org/},   }  We have invested a lot of time and effort in creating R, please cite it when using it for data analysis. See also ‘citation(""pkgname"")’ for citing R packages."
"grid","4.3.3","The ‘grid’ package is part of R.  To cite R in publications use:    R Core Team (2024). _R: A Language and Environment for Statistical Computing_. R Foundation   for Statistical Computing, Vienna, Austria. <https://www.R-project.org/>.  A BibTeX entry for LaTeX users is    @Manual{,     title = {R: A Language and Environment for Statistical Computing},     author = {{R Core Team}},     organization = {R Foundation for Statistical Computing},     address = {Vienna, Austria},     year = {2024},     url = {https://www.R-project.org/},   }  We have invested a lot of time and effort in creating R, please cite it when using it for data analysis. See also ‘citation(""pkgname"")’ for citing R packages."
"KernSmooth","2.23-22","To cite package ‘KernSmooth’ in publications use:    Wand M (2023). _KernSmooth: Functions for Kernel Smoothing Supporting Wand & Jones (1995)_.   R package version 2.23-22, <https://CRAN.R-project.org/package=KernSmooth>.  A BibTeX entry for LaTeX users is    @Manual{,     title = {KernSmooth: Functions for Kernel Smoothing Supporting Wand & Jones (1995)},     author = {Matt Wand},     year = {2023},     note = {R package version 2.23-22},     url = {https://CRAN.R-project.org/package=KernSmooth},   }"
"lattice","0.22-5","To cite package ‘lattice’ in publications use:    Sarkar D (2008). _Lattice: Multivariate Data Visualization with R_. Springer, New York. ISBN   978-0-387-75968-5, <http://lmdvr.r-forge.r-project.org>.  A BibTeX entry for LaTeX users is    @Book{,     title = {Lattice: Multivariate Data Visualization with R},     author = {Deepayan Sarkar},     year = {2008},     publisher = {Springer},     address = {New York},     isbn = {978-0-387-75968-5},     url = {http://lmdvr.r-forge.r-project.org},   }"
"MASS","7.3-60.0.1","To cite the MASS package in publications use:    Venables, W. N. & Ripley, B. D. (2002) Modern Applied Statistics with S. Fourth Edition.   Springer, New York. ISBN 0-387-95457-0  A BibTeX entry for LaTeX users is    @Book{,     title = {Modern Applied Statistics with S},     author = {W. N. Venables and B. D. Ripley},     publisher = {Springer},     edition = {Fourth},     address = {New York},     year = {2002},     note = {ISBN 0-387-95457-0},     url = {https://www.stats.ox.ac.uk/pub/MASS4/},   }"
"Matrix","1.6-5","To cite package ‘Matrix’ in publications use:    Bates D, Maechler M, Jagan M (2024). _Matrix: Sparse and Dense Matrix Classes and Methods_.   R package version 1.6-5, <https://CRAN.R-project.org/package=Matrix>.  A BibTeX entry for LaTeX users is    @Manual{,     title = {Matrix: Sparse and Dense Matrix Classes and Methods},     author = {Douglas Bates and Martin Maechler and Mikael Jagan},     year = {2024},     note = {R package version 1.6-5},     url = {https://CRAN.R-project.org/package=Matrix},   }"
"methods","4.3.3","The ‘methods’ package is part of R.  To cite R in publications use:    R Core Team (2024). _R: A Language and Environment for Statistical Computing_. R Foundation   for Statistical Computing, Vienna, Austria. <https://www.R-project.org/>.  A BibTeX entry for LaTeX users is    @Manual{,     title = {R: A Language and Environment for Statistical Computing},     author = {{R Core Team}},     organization = {R Foundation for Statistical Computing},     address = {Vienna, Austria},     year = {2024},     url = {https://www.R-project.org/},   }  We have invested a lot of time and effort in creating R, please cite it when using it for data analysis. See also ‘citation(""pkgname"")’ for citing R packages."
"mgcv","1.9-1","2011 for generalized additive model method; 2016 for beyond exponential family; 2004 for strictly additive GCV based model method and basics of gamm; 2017 for overview; 2003 for thin plate regression splines.    Wood, S.N. (2011) Fast stable restricted maximum likelihood and marginal likelihood   estimation of semiparametric generalized linear models. Journal of the Royal Statistical   Society (B) 73(1):3-36    Wood S.N., N. Pya and B. Saefken (2016) Smoothing parameter and model selection for general   smooth models (with discussion). Journal of the American Statistical Association   111:1548-1575.    Wood, S.N. (2004) Stable and efficient multiple smoothing parameter estimation for   generalized additive models. Journal of the American Statistical Association. 99:673-686.    Wood, S.N. (2017) Generalized Additive Models: An Introduction with R (2nd edition). Chapman   and Hall/CRC.    Wood, S.N. (2003) Thin-plate regression splines. Journal of the Royal Statistical Society   (B) 65(1):95-114.  To see these entries in BibTeX format, use 'print(<citation>, bibtex=TRUE)', 'toBibtex(.)', or set 'options(citation.bibtex.max=999)'."
"nlme","3.1-164","To cite package ‘nlme’ in publications use:    Pinheiro J, Bates D, R Core Team (2023). _nlme: Linear and Nonlinear Mixed Effects Models_.   R package version 3.1-164, <https://CRAN.R-project.org/package=nlme>.    Pinheiro JC, Bates DM (2000). _Mixed-Effects Models in S and S-PLUS_. Springer, New York.   doi:10.1007/b98882 <https://doi.org/10.1007/b98882>.  To see these entries in BibTeX format, use 'print(<citation>, bibtex=TRUE)', 'toBibtex(.)', or set 'options(citation.bibtex.max=999)'."
"nnet","7.3-19","To cite the nnet package in publications use:    Venables, W. N. & Ripley, B. D. (2002) Modern Applied Statistics with S. Fourth Edition.   Springer, New York. ISBN 0-387-95457-0  A BibTeX entry for LaTeX users is    @Book{,     title = {Modern Applied Statistics with S},     author = {W. N. Venables and B. D. Ripley},     publisher = {Springer},     edition = {Fourth},     address = {New York},     year = {2002},     note = {ISBN 0-387-95457-0},     url = {https://www.stats.ox.ac.uk/pub/MASS4/},   }"
"parallel","4.3.3","The ‘parallel’ package is part of R.  To cite R in publications use:    R Core Team (2024). _R: A Language and Environment for Statistical Computing_. R Foundation   for Statistical Computing, Vienna, Austria. <https://www.R-project.org/>.  A BibTeX entry for LaTeX users is    @Manual{,     title = {R: A Language and Environment for Statistical Computing},     author = {{R Core Team}},     organization = {R Foundation for Statistical Computing},     address = {Vienna, Austria},     year = {2024},     url = {https://www.R-project.org/},   }  We have invested a lot of time and effort in creating R, please cite it when using it for data analysis. See also ‘citation(""pkgname"")’ for citing R packages."
"rpart","4.1.23","To cite package ‘rpart’ in publications use:    Therneau T, Atkinson B (2023). _rpart: Recursive Partitioning and Regression Trees_. R   package version 4.1.23, <https://CRAN.R-project.org/package=rpart>.  A BibTeX entry for LaTeX users is    @Manual{,     title = {rpart: Recursive Partitioning and Regression Trees},     author = {Terry Therneau and Beth Atkinson},     year = {2023},     note = {R package version 4.1.23},     url = {https://CRAN.R-project.org/package=rpart},   }"
"spatial","7.3-17","To cite the spatial package in publications use:    Venables, W. N. & Ripley, B. D. (2002) Modern Applied Statistics with S. Fourth Edition.   Springer, New York. ISBN 0-387-95457-0  A BibTeX entry for LaTeX users is    @Book{,     title = {Modern Applied Statistics with S},     author = {W. N. Venables and B. D. Ripley},     publisher = {Springer},     edition = {Fourth},     address = {New York},     year = {2002},     note = {ISBN 0-387-95457-0},     url = {https://www.stats.ox.ac.uk/pub/MASS4/},   }"
"splines","4.3.3","The ‘splines’ package is part of R.  To cite R in publications use:    R Core Team (2024). _R: A Language and Environment for Statistical Computing_. R Foundation   for Statistical Computing, Vienna, Austria. <https://www.R-project.org/>.  A BibTeX entry for LaTeX users is    @Manual{,     title = {R: A Language and Environment for Statistical Computing},     author = {{R Core Team}},     organization = {R Foundation for Statistical Computing},     address = {Vienna, Austria},     year = {2024},     url = {https://www.R-project.org/},   }  We have invested a lot of time and effort in creating R, please cite it when using it for data analysis. See also ‘citation(""pkgname"")’ for citing R packages."
"stats","4.3.3","The ‘stats’ package is part of R.  To cite R in publications use:    R Core Team (2024). _R: A Language and Environment for Statistical Computing_. R Foundation   for Statistical Computing, Vienna, Austria. <https://www.R-project.org/>.  A BibTeX entry for LaTeX users is    @Manual{,     title = {R: A Language and Environment for Statistical Computing},     author = {{R Core Team}},     organization = {R Foundation for Statistical Computing},     address = {Vienna, Austria},     year = {2024},     url = {https://www.R-project.org/},   }  We have invested a lot of time and effort in creating R, please cite it when using it for data analysis. See also ‘citation(""pkgname"")’ for citing R packages."
"stats4","4.3.3","The ‘stats4’ package is part of R.  To cite R in publications use:    R Core Team (2024). _R: A Language and Environment for Statistical Computing_. R Foundation   for Statistical Computing, Vienna, Austria. <https://www.R-project.org/>.  A BibTeX entry for LaTeX users is    @Manual{,     title = {R: A Language and Environment for Statistical Computing},     author = {{R Core Team}},     organization = {R Foundation for Statistical Computing},     address = {Vienna, Austria},     year = {2024},     url = {https://www.R-project.org/},   }  We have invested a lot of time and effort in creating R, please cite it when using it for data analysis. See also ‘citation(""pkgname"")’ for citing R packages."
"survival","3.5-8","To cite package ‘survival’ in publications use:    Therneau T (2024). _A Package for Survival Analysis in R_. R package version 3.5-8,   <https://CRAN.R-project.org/package=survival>.    Terry M. Therneau, Patricia M. Grambsch (2000). _Modeling Survival Data: Extending the Cox   Model_. Springer, New York. ISBN 0-387-98784-3.  To see these entries in BibTeX format, use 'print(<citation>, bibtex=TRUE)', 'toBibtex(.)', or set 'options(citation.bibtex.max=999)'."
"tcltk","4.3.3","The ‘tcltk’ package is part of R.  To cite R in publications use:    R Core Team (2024). _R: A Language and Environment for Statistical Computing_. R Foundation   for Statistical Computing, Vienna, Austria. <https://www.R-project.org/>.  A BibTeX entry for LaTeX users is    @Manual{,     title = {R: A Language and Environment for Statistical Computing},     author = {{R Core Team}},     organization = {R Foundation for Statistical Computing},     address = {Vienna, Austria},     year = {2024},     url = {https://www.R-project.org/},   }  We have invested a lot of time and effort in creating R, please cite it when using it for data analysis. See also ‘citation(""pkgname"")’ for citing R packages."
"tools","4.3.3","The ‘tools’ package is part of R.  To cite R in publications use:    R Core Team (2024). _R: A Language and Environment for Statistical Computing_. R Foundation   for Statistical Computing, Vienna, Austria. <https://www.R-project.org/>.  A BibTeX entry for LaTeX users is    @Manual{,     title = {R: A Language and Environment for Statistical Computing},     author = {{R Core Team}},     organization = {R Foundation for Statistical Computing},     address = {Vienna, Austria},     year = {2024},     url = {https://www.R-project.org/},   }  We have invested a lot of time and effort in creating R, please cite it when using it for data analysis. See also ‘citation(""pkgname"")’ for citing R packages."
"utils","4.3.3","The ‘utils’ package is part of R.  To cite R in publications use:    R Core Team (2024). _R: A Language and Environment for Statistical Computing_. R Foundation   for Statistical Computing, Vienna, Austria. <https://www.R-project.org/>.  A BibTeX entry for LaTeX users is    @Manual{,     title = {R: A Language and Environment for Statistical Computing},     author = {{R Core Team}},     organization = {R Foundation for Statistical Computing},     address = {Vienna, Austria},     year = {2024},     url = {https://www.R-project.org/},   }  We have invested a lot of time and effort in creating R, please cite it when using it for data analysis. See also ‘citation(""pkgname"")’ for citing R packages."
